title,n_matches
""" We Would Never Write That Down"" Classifications of Unemployed and Data Challenges for AI",2
"""De har fået NemID, men det er ikke nemt for mig” - Digital rum(me)lighed i den danske velfærdsstat",2
"""Kinda like The Sims... But with ghosts?"" : A Qualitative Analysis of Video Game Re-finding Requests on Reddit",2
"""Kinda like the Sims... but with ghosts?"": A Qualitative Analysis of Video Game Re-finding Requests on Reddit",2
"""My Soul Got a Little Bit Cleaner"": Art Experience in Videogames",2
4 Types of Business Transformation,2
40 Variability Bugs in the Linux Kernel : A Qualitative Study,2
42 Variability Bugs in the Linux Kernel : A Qualitative Study,2
A Bestiary of Digital Monsters,5
A Case for Declarative Process Modelling: Agile Development of a Grant Application System,2
A Constraint Programming Model for Fast Optimal Stowage of Container Vessel Bays,2
A Dataset for the Detection of Dehumanizing Language,2
A Fixed-Parameter Perspective on #BIS,2
A Linear Time Algorithm for Optimal Quay Crane Scheduling,2
A Local Perspective: Working an Agricultural Information Service into a Rural Community,2
A Logical Interpretation of Asynchronous Multiparty Compatibility,2
A Low-Cost Open-Source Cloud-based Liquid Handling Robotic Platform for Performing Remote Real-Time Collaborative Experiments,2
A Minimalistic Approach to User Group Adaptation of Robot Behaviors using Movement and Speech Analysis,2
A Modal Specification Theory for Components with Data,2
A Model Checker for Bigraphs,2
A Model for Industrial Real-Time Systems,2
A Playground for Soft Robot Design,2
A Quantitative Analysis of Variability Warnings in Linux,2
A Robot to Shape your Natural Plant : The Machine Learning Approach to Model and Control Bio-Hybrid Systems,2
A Robot to Shape your Natural Plant: The Machine Learning Approach to Model and Control Bio-Hybrid Systems,2
A Security Analysis of the Danish Deposit Return System,2
A Sound and Complete Projection for Global Types,6
A Study of E-services Adoption Factors,2
A Study on Security and Privacy Practices in Danish Companies,2
A Systematic Review and Meta-analysis of Text Entry Studies,2
A Unified Substrate for Body-Brain Co-evolution,2
A case of action research with a focus on collective learning about organisational challenges and solutions for democratically owned businesses,4
"A large-scale, light-weight, and soft braided robot manipulator with rapid expansion capabilities",2
A modal specification theory for components with data,2
"A registered replication study on body-ownership, perceptions, and attitudes [Stage 1 Registered Report Protocol]",2
A stroke of genius : Predicting the next move in badminton,3
A stroke of genius: Predicting the next move in badminton,3
A systematic comparison of affective robot expression modalities,2
A verification environment for bigraphs,2
A world of Palantir : Ontological politics in the Danish police’s POL-INTEL,2
ANN-Benchmarks: A Benchmarking Tool for Approximate Nearest Neighbor Algorithms,2
ANN-Benchmarks: A benchmarking tool for approximate nearest neighbor algorithms,2
Abstract Probabilistic Automata,4
Action Research Booklet,9
Action Research in Participatory Design,3
Actris: session-type based reasoning in separation logic,2
Adaptive Out-Orientations with Applications,2
Adaptive Strategy for Online Gait Learning Evaluated on the Polymorphic Robotic LocoKit,2
Addressability: Identification and Communicative Positions in Critical Sociological Perspective,2
Affecta-Context: The Context-Guided Behavior Adaptation Framework,2
Aggregating like a state : Discriminatory data practices of legislated ghettoization in Denmark,3
Agribuddy: Infrastructuring for Smallholder Farming in Cambodia,2
Aiki - Turning Online Procrastination into Microlearning,2
Algorithmic Fairness: Learnings From a Case That Used AI For Decision Support,2
Algorithmic Ways of Seeing: Using Object Detection to Facilitate Art Exploration,4
An Analysis of Collocation on GPUs for Deep Learning Training,3
An Efficient Integer Programming Model for Solving the Master Planning Problem of Container Vessel Stowage,3
An Exploration of Sentence-Pair Classification for Algorithmic Recruiting,2
An IDR Framework of Opportunities and Barriers between HCI and NLP,2
"An Open-Source, Low-Cost Robot for Performing Reactive Liquid Handling Experiments",2
An Optimal Randomized Algorithm for Finding the Saddlepoint.,2
An alternative representation of Fractal Gene Regulatory Networks facilitating analysis and interpretation,2
An exploration of the information seeking behavior of recruiters,2
An open-source robotic platform that enables automated monitoring of replicate biofilm cultivations using optical coherence tomography,2
Analyzing the Aesthetics of Participation of Media Architecture,2
Analyzing the aesthetics of participation of media architecture,2
Analyzing user interactions to estimate reading time in web-based L2 reader applications,2
Anarchival Proposals in Design Anthropology,2
Anarchival proposals in design anthropology,2
Annotating Online Misogyny,2
Are All We Need Heroes? -The New Role of the IT-Project Manager : -The New Role of the IT-Project Manager,2
Are Loot Boxes Gambling? : Random Reward Mechanisms in Video Games,4
Are Loot Boxes Gambling? : Random reward mechanisms in video games,4
Are You Magicians? The Collaborative Work of an Agricultural Information Service,2
Articulating Soma Experiences using Trajectories,2
Assessing Privacy Risks Using Probabilistic Programming,2
Asynchronous Modal FRP,2
Attending to Objects as Outcomes of Design Research,3
"Attuning to Global Health: Health Data Infrastructuring, Epidemiological Accountability and Digital Labor in Ghana",2
Augmenting Chest X-ray Datasets with Non-Expert Annotations,3
"Augmenting Metamodels with Seamless Support for Planning, Tracking, and Slicing Model Evolution Timelines",2
Augmenting the Audio-Based Expression modalities of a Non-Affective robot,2
Automated Analysis of Accountability,3
Automating the Incremental Evolution of Controllers for Physical Robots,2
Autonomy Alliances and Data Care Practices,2
BGM Diary : Supporting Subjective Experience in Blood Glucose Management Training,2
BREATHING COMMONS: AFFECTIVE AND SOMATIC RELATIONS BETWEEN SELF AND OTHERS,4
Becoming Sustainable Together : ESG Data Commons for Fintech Startups,3
Being in the world with the aural-visualiser 1000,2
Belief-based fault recovery for marine robotics,2
Benchmarking API Costs of Network Sampling Strategies,2
Between bureaucracy and agility: the quiet transformation of the Danish digital state,3
Beyond Intrinsic Motivation: The Role of Autonomous Motivation in User Experience,2
Beyond a Living Lab: Scaling Social Innovation,3
Bigraphical Refinement,2
BikeDNA: A tool for bicycle infrastructure data and network assessment,2
BikeNodePlanner : A data-driven decision support tool for bicycle node network planning,2
Biomedical Event Extraction as Sequence Labeling,2
Biometric Data Doubles and the Technicisation of Personhood in Ghana,2
Bleaching Text: Abstract Features for Cross-lingual Gender Prediction,2
Body Politics : Unpacking Tensions and Future Perspectives for Body-Centric Design Research in HCI,3
Bridging the Sim-to-Real GAP for Underwater Image Segmentation,3
Bridging the Valley of Death : A Success Story on Danish Funding Schemes Paving a Path from Technology Readiness Level 1 to 9,2
Buhscitu at SemEvaL-2020 Task 7: Assessing Humour in Edited News Headlines using Hand-Crafted Features and Online Knowledge Bases,2
Building Capacity in Ethical Review : Compliance and Transformation in the Asia-Pacific Region,4
Building Engagement Ambidexterity : A Call for Proftitioners and Pracfessors,2
Bureaucracy,6
CRAFT: Composable Randomness Beacons and Output-Independent Abort MPC From Time,2
CVL: common variability language,4
Can Git Repository Visualization Support Educators in Assessing Group Projects?,2
Can Humans Identify Domains?,7
Carbon Value and the Salvaging of the Amazon,2
CareCoor : Augmenting the Coordination of Cooperative Home Care Work,2
Careful Devices : A design manifesto for humane domestic healthcare technology,3
Cartography Active Learning,2
Challenges and Opportunities for Collaborative Technologies for Home Care Work,2
Challenges and Opportunities for Collaborative Technologies for Home Care Work.,2
Challenges and Opportunities for Designing with Biodata as Material,3
Challenges and Opportunities of Using Redirection of Activity for Self-Regulation Online,2
Children’s expressed emotions during playful learning games,2
"Choreographies, Logically",8
"Choreographies, logically",4
Circle of Life : Microworld Project at the End of CS1,2
Circular Business Model for Digital Health Solutions : Protocol for a Scoping Review,2
Circular Business Model for Digital Health Solutions: Protocol for a Scoping Review,2
"Clafer: Lightweight Modeling of Structure, Behaviour, and Variability",2
Co-designing DSL quality assurance measures for and with non-programming experts,2
Co-designing Data Experiments: Domain Experts’ Exploration and Experimentation with self-selected Data Sources,2
Coherence Generalises Duality: A Logical Explanation of Multiparty Session Types,2
Coherence generalises duality : A logical explanation of multiparty session types,2
"Collaborative Game Work : A Danish Case Study of Communication, Collaboration, and Problem-Solving in a Game Development Team",2
Collaborative Software Exploration with Multimedia Note Taking in Virtual Reality,3
Collective behaviour in droplet systems,2
Community,2
Comparative Insights for Community-Based Co-design : Bi-directional Inclusive Strategies Between Marginalised Communities and Researchers in Participatory Design,2
Comparative Insights for Community-Based Co-design: Bi-directional Inclusive Strategies Between Marginalised Communities and Researchers in Participatory Design,2
Compositional data types,2
"Computational Logistics : 4th International Conference, ICCL 2013, Copenhagen, Denmark, September 25-27, 2013, Proceedings",2
Computational Thinking as an Ontological Programme?,2
Computing Educational Activities Involving People Rather Than Things Appeal More to Women (CS1 Appeal Perspective),4
Computing Educational Activities Involving People Rather Than Things Appeal More to Women (Recruitment Perspective),4
Computing Educational Programmes with more Women are more about People &amp; less about Things,2
Concordance: A Critical Participatory Alternative in Healthcare IT,2
Concurrency &amp; Asynchrony in Declarative Workflows,2
Consistency-Preserving Evolution Planning on Feature Models,2
Constructing Living Buildings : A Review of Relevant Technologies for a Novel Application of Biohybrid Robotics,2
Contested Hashtags : Blockupy Frankfurt in Social Media,2
Contrapuntal connectedness : Analysing relations between social media data and ethnography in digital migration studies,2
Controllable GAN Synthesis Using Non-Rigid Structure-From-Motion,2
Controller synthesis for dynamic hierarchical real-time plants using timed automata,2
CoolWalks for active mobility in urban street networks,2
Copycats: : the many lives of a publicly available medical imaging dataset,5
Copycats: the many lives of a publicly available medical imaging dataset,5
Cost and schedule overrun in Government IT projects. : An empirical analysis,2
Counting Connected Subgraphs with Maximum-Degree-Aware Sieving,2
Counting Shortest Two Disjoint Paths in Cubic Planar Graphs with an NC Algorithm,2
Covering and packing in linear space,4
Craft as a matter of care to inspire the design of computational things,2
Crafting Meaningful Generative AI-Enabled Knowledge Work,4
Creating a New Innovation Orientation Through Idea Competitions,2
Creative-Rational Tensions in Game Development : A Danish Case Study on Team Collaboration,2
Critical Perspectives on Predictive Policing : Anticipating Proof?,2
Cross-Language Support Mechanisms Significantly Aid Software Development,2
Cross-lingual Multi-task Transfer for Zero-shot Task-oriented Dialog,3
CrossRE: A Cross-Domain Dataset for Relation Extraction,2
DAN+: Danish Nested Named Entities and Lexical Normalization,3
DECAF: A Dynamically Extensible Corpus Analysis Framework,2
DaKultur : Evaluating the Cultural Awareness of Language Models for Danish with Native Speakers,4
DanTok: Domain Beats Language for Danish Social Media POS Tagging,2
Data Management and Visualization for Benchmarking Deep Learning Training Systems,3
Data Structures for Approximate Fréchet Distance for Realistic Curves,2
Data Work in a Knowledge-Broker Organization: How Cross-Organizational Data Maintenance shapes Human Data Interactions.,2
Data as Infrastructure – Infrastructuring for Data Analytics,2
Dataset Distribution Impacts Model Fairness: Single Vs. Multi-task Learning,2
De som dør to gange,2
De-identification of Privacy-related Entities in Job Postings,3
Dealing with Adversarial Player Strategies in the Neural Network Game iNNk through Ensemble Learning,2
Death of the Design Researcher? Creating Knowledge Resources for Designers Using Generative AI,2
Decision Problems for Interval Markov Chains,2
Declarative Choreographies and Liveness,6
Declarative Process Mining for DCR Graphs,2
Deep Learning-based Computational Job Market Analysis: A Survey on Skill Extraction and Classification from Job Postings,3
Deep Reinforcement Learning for Master Bay Planning on Container Vessels,2
Deep Reinforcement Learning for Master Stowage Planning,3
Deep Reinforcement Learning for Revenue Management under Uncertainty in Master Stowage Planning on Container Vessels,2
Delineating a Design Space for Premenstrual Disorders as a Relational Phenomenon,2
Demand characteristics in human–computer experiments,2
Democratic Situations,2
Denmark,8
Denotational semantics of recursive types in synthetic guarded domain theory,4
Deriving Consistent GSM Schemas from DCR Graphs,2
Design Principles For Co-creating Feminist Imaginaries,2
Design Research Themes for Mindful Interaction,2
Design Theory Projectability,2
Design anthropological frictions : Mundane practices meet speculative critiques,2
"Designers in White Coats: Deploying Ovum, a Fertility Tracking Device",2
Designing Best Practices : A Design Science Study Using the Theory of Planned Behaviour,2
"Designing Blo-nut: Design Principles, Choreography and Otherness in an Expressive Social Robot",2
Designing Enterprise Information Systems using Scrum for Governance,4
Designing IT for Governance - The Case of Employee-Owned Businesses. : The Case of Employee-Owned Businesses,3
Designing Scientific Creativity,2
Designing a Framework for Virtual Management and Team Building,2
Designing for Immediate Play,2
Designing for Shared Remote Video Experiences,2
Designing for intuitive use for non-human users,2
Designing virtual team building with a focus on social capital,2
Designing with Emerging Science : Developing an Alternative Frame for Self-Tracking,3
Det er tid til at afvikle den danske produktion af fossil energi,3
Detecting Shortcuts in Medical Images — A Case Study in Chest X-rays,3
Detection of Furigana Text in Images,2
Developing Evaluation Metrics for Active Reading Support,2
Diagnosing Expressed,2
Diamonds are not forever: Liveness in reactive programming with guarded recursion,2
"Differentially Private Sparse Vectors with Low Error, Optimal Space, and Fast Access",2
Diffraction-in-action : Designerly Explorations of Agential Realism Through Lived Data,2
Digital Mental Health in Humanitarian Crisis in Bangladesh,2
Digital Optimering,2
Digital Responsibility,2
Digital Unbounding of the Polling Booth: Ethnography in Small Places,2
Digital marginalisering af udsatte ældre : Arbejdsrapport,2
Digital state APIs: sociotechnical approaches to a small yet important piece of digital infrastructure,3
"Digitalization in Practice: : Intersections, Implications, Interventions",2
"Digitalization, Data and Welfare : Sociotechnical Approaches to Service Delivery",2
Digtial care for the Soul,2
Disability as infra-critique : A compositionist approach to the election process in Denmark,2
Discovering Interpretable Directions in the Semantic Latent Space of Diffusion Models,2
Discursive Co-Development of Agile Systems and Agile Methods,2
Discussion and Future Directions for Eye Tracker Development,2
Dissecting Biases in Relation Extraction: A Cross-Dataset Analysis on People’s Gender and Origin,2
Distortions of political bias in crowdsourced misinformation flagging,2
Do You See What I See? Emotional Reaction to Visual Content in the Online Debate About Climate Change,2
Do we have to Include HCI Issues in Clinical Trials of Medical Devices? : – A Discussion,2
Does Random Movements mean Random Results? Why Asynchrony in Experiments on Body Ownership does not Work as Intended,2
"Doing Things with Research through Design: With What, with Whom, and Towards What Ends?",3
Don't Ignore the Iceberg : Timely Revelation of Justification in DSR,2
Don’t Get Too Excited - Eliciting Emotions in LLMs,2
Dynamic Dynamic Time Warping,2
Dynamic Embeddings of Dynamic Single-Source Upward Planar Graphs,2
Dynamic Ontologies and Semantic Web Rules as Bigraphical Reactive Systems,2
EEVEE: An Easy Annotation Tool for Natural Language Processing,2
ENHANCE (ENriching Health data by ANnotations of Crowd and Experts): A case study for skin lesion classification,2
ESCOXLM-R: Multilingual Taxonomy-driven Pre-training for the Job Market Domain,3
ESG in Fintech: An Overview,3
Editorial,3
Educating the attention of museum visitors through non-verbal art mediation,2
Effective Analysis of C Programs by Rewriting Variability,2
Effective Bug Finding in C Programs with Shape and Effect Abstractions,2
Effectiveness of job title based embeddings on résumé to job ad recommendation,2
Efficient Greedy Discrete Subtrajectory Clustering,2
Efficient family-based model checking via variability abstractions,2
Efficient synthesis of feature models,4
Employee-owned startups in the digital era,3
Enabling Embodied Music-Making for Non-Musicians,3
Enabling Intellectual Control in a Mandatory Environment,2
Enacting cooperative governance in the digital era,3
Encounters on a Shape-changing Bench : Exploring atmospheres and social behaviour in situ,2
Engaging the data moment : an introduction,2
Engaging with competing demands in systems through design: Fostering a paradox lens,2
Enhancing In-Memory Spatial Indexing with Learned Search,4
Entity Linking in the Job Market Domain,3
Establishing Trustworthiness: Rethinking Tasks and Model Evaluation,2
Evaluating Quality of Gaming Narratives Co-created with AI,2
Evidence &gt; Intuition: Transferability Estimation for Encoder Selection,3
EvoBot in service: interface and interconnection of Microbial Fuel Cells (MFCs) with a liquid handling robot for optimised performance,2
"EvoBot: An Open-Source, Modular Liquid Handling Robot for Nurturing Microbial Fuel Cells",2
"EvoBot: An Open-Source, Modular, Liquid Handling Robot for Scientific Experiments",2
EvoBot: Towards a Robot-Chemostat for Culturing and Maintaining Microbial Fuel Cells (MFCs),2
EvoCraft: A New Challenge for Open-Endedness,4
Evolution and Morphogenesis of Simulated Modular Robots: A Comparison Between a Direct and Generative Encoding,3
Evolving HyperNetworks for Game-Playing Agents,2
Evolving Robot Controllers for Structured Environments Through Environment Decomposition,2
Evolving Simulated Modular Robots,3
Evolving and Merging Hebbian Learning Rules : Increasing Generalization by Decreasing the Number of Rule,2
Evolving self-organizing simulated plant-inspired robots,3
Exact Graph Coloring Using Inclusion-Exclusion,2
Exact and Efficient Bayesian Inference for Privacy Risk Quantification,3
Examing Approaches and addressing the nesting challenge in Decision Support Systems.,2
Experience Report: Constraint-Based Modelling and Simulation of Railway Emergency Response Plans,2
Experiences with Constructing and Evolving a Software Product Line with Delta-Oriented Programming,2
Experimental Engineering: Articulating and Valuing Design Experimentation,3
Experimental Standards for Deep Learning Research: A Natural Language Processing Perspective,5
Experimental Standards for Deep Learning in Natural Language Processing Research,6
Explainable AI for designers: A human-centered perspective on mixed-initiative co-creation,2
Exploring Aesthetic Qualities of Deep Generative Models through Technological (Art) Mediation,2
Exploring Deep Learning Models for EEG Neural Decoding,3
Exploring Predictive Uncertainty and Calibration in NLP: A Study on the Impact of Method &amp; Data Scarcity,2
Exploring a Digital Art Collection through Drawing Interactions with a Deep Generative Model,3
Exploring app-based affective interactions for people with rheumatoid arthritis,3
Exploring connections of spectral analysis and transfer learning in medical imaging ...,3
Exploring the Temporal Dynamics of Facial Mimicry in Emotion Processing Using Action Units,3
Exploring the evolution of software practices,2
Exponential Time Complexity of the Permanent and the Tutte Polynomial,4
Expressing undergoing Diagnosis,2
Extensor-coding,2
External Validation of an Algorithm to Guide Opioid Administration at the End of Surgery—Protocol for an Observational Cohort Study of the OPIAID Algorithm,2
FT Speech: Danish Parliament Speech Corpus,2
Fabulating Biodata Futures for Living and Knowing Together,3
Fabulating Futures for Flourishing and Vibrant Worlds,3
Fabulation as an Approach for Design Futuring,2
"Failing Our Youngest: On the Biases, Pitfalls, and Risks in a Decision Support Algorithm Used for Child Protection",2
Family-Based Model Checking Without a Family-Based Model Checker,2
Family-Based Model Checking using Off-the-Shelf Model Checkers,2
Fashion Style Generation: Evolutionary Search with Gaussian Mixture Models in the Latent Space,4
Fast Generation of Near-Optimal Plans for Eco-Efficient Stowage of Large Container Vessels,2
Feasibility of transcutaneous auricular vagus nerve stimulation in treatment of drug resistant epilepsy : A multicenter prospective study,2
Feedback on Student Programming Exercises: Teaching Assistants vs Automated Assessment Tool,2
FeltRadio – Experiencing Community-generated WiFi Activities,2
FeltRadio: Sensing and Making Sense of Wireless Traffic,3
Fertile Becoming: Reproductive Temporalities with/in Tracking Technologies,8
Finding Suitable Variability Abstractions for Family-Based Analysis,2
Finding suitable variability abstractions for lifted analysis,2
Finding the saddlepoint faster than sorting,2
Findings of the VarDial Evaluation Campaign 2023,2
First steps in synthetic guarded domain theory: step-indexing in the topos of trees,4
Fixing Vulnerabilities Automatically with Linters,2
Flora Robotica – Mixed Societies of Symbiotic Robot-Plant Bio-Hybrids,4
Flora robotica -- An Architectural System Combining Living Natural Plants and Distributed Robots,3
Foregrounding data in co-design – An exploration of how data may become an object of design,2
Formal Analysis of EDHOC Key Establishment for Constrained IoT Devices,4
Formal Semantics and Implementation of BPMN 2.0 Inclusive Gateways,2
Formal Specification and Testing for Reinforcement Learning,3
Formal Verification of Ephemeral Diffie-Hellman Over COSE (EDHOC),3
Formant-Based Vowel Categorization for Cross-Lingual Phone Recognition,2
Formation of multiple networks,2
Forskning på smalkost,4
Fostering Creative Confidence with SCD in Interaction Design Education,2
Fragile Complexity of Adaptive Algorithms,4
Fragile Robots and Coincidental Innovation : Turning Socio-Gerontechnology towards Ontology,4
Fragile complexity of adaptive algorithms,2
From Drifters to Asylum Seekers,4
From Masked Language Modeling to Translation: Non-English Auxiliary Tasks Improve Zero-shot Spoken Language Understanding,3
From SMS to SNS: The Use of the Internet on the Mobile Phone among Young Danes,2
From Scrum to Agile: A Journey to Tackle the Challenges of Distributed Development in an Agile Team,2
From product centricity to services: Design workshops and maps as tools in strategy articulation,2
Frustratingly Easy Performance Improvements for Low-resource Setups: A Tale on BERT and Segment Embeddings,2
Fully-Adaptive Dynamic Connectivity of Square Intersection Graphs,2
Future Workshops and Researcher as Experts : Action Research in a Public-Private Research Project,4
Future Workshops: Turning the Affected into the Involved,2
GIFT Project Deliverable D4.1 Evaluation Strategy and Change Process Report,2
GIFT Project Deliverable D7.2 Communication Strategy,2
Galois Connections for Recursive Types,4
Game Jams,2
Gaze Reveals Emotion Perception: Insights from Modelling Naturalistic Face Viewing,2
Gender Differences in the Group Dynamics of Smaller CS1 Project Groups,3
Generalized programming of modular robots through kinematic configurations,2
Generating Artificial Plant Morphologies for Function and Aesthetics through Evolving L-Systems,3
Generative AI in Software Engineering Must Be Human-Centered : The Copenhagen Manifesto,3
Genre as Weak Supervision for Cross-lingual Dependency Parsing,2
Giving Form to a Hedonic Haptics Player,3
Growing 3D Artefacts and Functional Machines with Neural Cellular Automata,6
Growing urban bicycle networks,2
Guest Editorial: Alternative Valuations,2
Gut-Tracking as Cultivation,4
HELENA Stage 2—Danish Overview,2
HELENA stage 2—danish overview,2
Hacc-Man : An Arcade Game for Jailbreaking LLMs,3
"Hades Again and Again: A Study on Frustration Tolerance, Physiology and Player Experience",2
Handling digital reproductions of artworks,2
"Health-in-all, Data Harmonisation, and Cross-sectoral Collaboration in Ghana’s Health Sector",2
Hidden Layer Interaction: A Co-Creative Design Fiction for Generative Models,2
Hidden Layer Interaction: A Technique to Explore the Material of Generative AI,2
Hierarchical Declarative Modelling with Refinement and Sub-processes,2
High-dimensional density-based clustering using locality-sensitive hashing,2
Hot air &amp; corporate sociotechnical imaginaries : Performing and translating digital futures in the Danish tech scene,2
How Attacker Knowledge Affects Privacy Risks: An Analysis Using Probabilistic Programming,2
How Do FOSS Communities Decide to Accept Pull Requests?,2
How Does the Degree of Variability Affect Bug-Finding?,2
How Good Is Open Bicycle Network Data? A Countrywide Case Study of Denmark,2
How Universal is Genre in Universal Dependencies?,2
How Was it Made? Social Robotic Donuts,2
How does HCI Understand Human Autonomy and Agency?,2
How minimizing conflicts could lead to polarization on social media: An agent-based model investigation,2
How to Encode Domain Information in Relation Classification,4
How to cross the bridge: Interoperability among blockchain systems : Interoperability among blockchain systems,2
How to increase transparency and trust in internet voting systems: An experimental study,2
How to write a CHI paper (asking for a friend),2
Hybrid Process Technologies in the Financial Sector : The Case of BRFkredit,2
Hybrid process technologies in the financial sector,2
HyperNCA: Growing Developmental Networks with Neural Cellular Automata,4
Hypothetical Answers to Continuous Queries Over Data Streams,2
Hypothetical answers to continuous queries over data streams,2
"IT Project Failures, Causes and Cures",2
Identification of a need for data representations in Service Design,2
Images Influencing Images: How Pictorial Context Affects the Emotional Interpretation of Art Photographs,2
Imagining a Soft and Relational Smart Home,2
Immersive Software Archaeology: Collaborative Exploration and Note Taking in Virtual Reality,3
Immersive Software Archaeology: Exploring Software Architecture and Design in Virtual Reality,2
Improving Object Detection in Art Images Using Only Style Transfer,2
Improving Reasoning Performance in Large Language Models via Representation Engineering,2
In the Nick of Time: Proactive Prevention of Obligation Violations,2
"In the Picture : Medical Imaging Datasets, Artifacts, and their Living Review",8
Incentive Alignment Through Secure Computations,2
Inclusive Game Design for Animals,2
Incremental Bisimulation Abstraction Refinement,2
Indledning,13
Influencers of Quality Assurance in an Open Source Community,2
Information Quality in Information Interaction and Retrieval: Workshop Proposal for CHIIR 2022,2
"Infrastructures of Voice, Environments of Affect &amp; Intimacy: : Voice-based Technology and Older People",2
Innovation for Leadership,3
Instinct(ive) play behaviour in human and non-human players,2
Institutionalizing flexibility: Reconnecting individualization and socialization in the transition toward hybrid work,2
Intention-Based Integration of Software Variants,2
Intention-based integration of software variants,2
Interacting with academic readings — A comparison of paper and laptop,3
Intraprocedural Dataflow Analysis for Software Product Lines,4
Intraprocedural dataflow analysis for software product lines,2
Intrinsic Mortality Governs Evolvability,2
Introduction,33
Introduction: Action Research in a World of Crises and Care,2
Introduction: Time and the Field,4
Introduktion,9
Investigating Perceived and Mechanical Challenge in Games Through Cognitive Activity,2
Investigating the Uncanny Valley Phenomenon Through the Temporal Dynamics of Neural Responses to Virtual Characters,2
Invisible Data: A Framework for Understanding Visibility Processes in Social Media Data,2
Invisible Women in IT: Examining Gender Representation in K-12 ICT Teaching Materials,3
Jank Accounts: We Should Study 'Broken' Games,2
KARRIEREWEGE: A large scale Career Path Prediction Dataset,2
Knotting data as a feminist approach to data materialization,3
Kompetencer: Fine-grained Skill Classification in Danish Job Postings via Distant Supervision and Transfer Learning,3
Krishi Kontho: An Agricultural Information Service in Bangladesh,2
LYDSPOR: AN URBAN SOUND EXPERIENCE WEAVING TOGETHER PAST AND PRESENT THROUGH VIBRATING BODIES,2
Language-Independent Traceability with Lässig,2
Laterale sammenligninger som eklektisk analysestrategi,2
Learning Abstract Forward Models,2
Literature survey on the container stowage planning problem,2
Live Is Life: Teaching Software Engineering on Live Systems,3
Living the (codesign) lab,2
Local Density and Its Distributed Approximation,2
Locomotion : Energy Efficiency of Robot Locomotion Increases Proportional to Weight,2
Longest Path Transversals in Claw-Free and $$P_5$$-Free Graphs,2
Longitudinal Citation Prediction using Temporal Graph Neural Networks,2
"Loot Boxes, Gambling-Like Mechanics in Video Games",3
"Loot boxes, gambling-related risk factors, and mental health in Mainland China: A large-scale survey",8
Lower Bounds for Oblivious Data Structures,2
Machine Learning Processes as Sources of Ambiguity : Insights from AI Art,3
Machine-Checked Semantic Session Typing,2
Managing complexity in process digitalisation with dynamic condition response graphs,4
Managing exceptions in Danish elections : Disability as an analytic means for making explicit the voting process,2
Mapping Futures and Futuring in HCI/Design,4
"Massive Choice, Ample Tasks (MaChAmp): A Toolkit for Multi-task Learning in NLP",2
Material Programming,3
Material Programming: A New Interaction Design Practice,3
Material Programming: a Design Practice for Computational Composites,3
Materialising affective experiences : Designing for personal grief practices,2
Matters of time : the different times of technological innovation and care practice.,2
Maximizing Entropy over Markov Processes,6
Maximum list $r$-colorable induced subgraphs in $kP_3$-free graphs,2
Meaningful personalization of museum experiences,4
Measuring Violence : A Computational Analysis of Violence and Propagation of Image Tweets From Political Protest,2
Measuring Voter Lines,4
Media and games: an intermedial framework,2
Media literacy i en dansk kontekst : SPECIALRAPPORT,2
Mesh Mobs : Virtually augmented crowds,2
Meta-Learning through Hebbian Plasticity in Random Networks,2
"Methodology for designing, implementing and evaluating assistive mobility technology to enable the social inclusion and independence needs of an ageing population",2
Micro-architectural analysis of a learned index,2
Migrant Digital Space: Building an Incomplete Map to Navigate Public Online Migration,2
Minimal Neural Network Models for Permutation Invariant Agents,2
Misinformation on Twitter During the Danish National Election: A Case Study,2
MoSS: Unfolding Playful Imaginaries of Synthetic Voice Design through a Modular Smart Speaker,2
"Model Transformation Languages under a Magnifying Glass: A Controlled Experiment with Xtend, ATL, and QVT",4
"Model transformation languages under a magnifying glass: a controlled experiment with Xtend, ATL, and QVT",4
Modeling Face Emotion Perception from Naturalistic Face Viewing: Insights from Fixational Events and Gaze Strategies,3
Modeling and Safety Analysis of Autonomous Underwater Vehicles Behaviors,2
Modelling Cooperative Work at a Medical Department,2
Modelling Recursion and Probabilistic Choice in Guarded Type Theory,4
Modelling human threats in security ceremonies,2
Modes of Convergence for Term Graph Rewriting,4
Modes of convergence for term graph rewriting,2
"Modular Counting of Subgraphs: Matchings, Matching-Splittable Graphs, and Paths",3
Modular Verification of Linked Lists with Views via Separation Logic,2
Modyn: Data-Centric Machine Learning Pipeline Orchestration,2
MorSeD : Morphological Segmentation of Danish and its Effect on Language Modeling,3
Moving from products to services: Supporting strategic thinking through design workshops,2
Multi-CrossRE A Multi-Lingual Multi-Domain Dataset for Relation Extraction,3
MultiLexNorm: A Shared Task on Multilingual Lexical Normalization,2
Multilinear Modelling of Faces and Expressions,2
Multiparty Classical Choreographies,2
Multiparty Session Types as Coherence Proofs,4
Multiparty session types as coherence proofs,4
Multiplex Graph Association Rules for Link Prediction,2
"Multispecies methods, technologies for play",2
"Murder Maps, Transport Apps, and Soup: How Expert Enthusiasts Move Open Government Data Initiatives between the UK and China",2
NLP North at WNUT-2020 Task 2: Pre-training versus Ensembling for Detection of Informative COVID-19 English Tweets,3
"NLPnorth @ TalentCLEF 2025 : Comparing Discriminative, Contrastive, and Prompt-Based Methods for Job Title and Skill Matching",2
NNOSE: Nearest Neighbor Occupational Skill Extraction,3
NarrativeTime: Dense Temporal Annotation on a Timeline,4
Native Language Prediction from Gaze: a Reproducibility Study,2
Navigating Demand Uncertainty in Container Shipping: Deep Reinforcement Learning for Enabling Adaptive and Feasible Master Stowage Planning,3
Near Infrared Sensor Setup for General Interface Detection in Automatic Liquid-Liquid Extraction Processes,2
Network,2
Neural Network-Based Human Motion Predictor and Smoother,2
Neural Network-Based Human Motion Smoother,2
Neuro-symbolic hierarchical rule induction,2
"New Capabilities of EvoBot, A Modular, Open-Source Liquid-Handling Robot",2
New Results on Timed Specifications,2
Nordic Perspectives on Algorithmic Systems Card Box,2
Notes on smart bee-ing and un/natured technologies,2
Of Numbers and Moods: Screening for Mental Health Issues in a Rohingya Refugee Camp in Bangladesh,2
Offensive Language and Hate Speech Detection for Danish,4
"On Humans, Other-Than-Humans, and Technologies: Positions, Knowledges, and the Art of Paying Attention.",2
"On Language Spaces, Scales and Cross-Lingual Transfer of UD Parsers",2
On Purpose and by Necessity: Compliance under the GDPR,2
On the Design of Scalable Outlier Detection Methods Using Approximate Nearest Neighbor Graphs,2
On the Discrete Fréchet Distance in a Graph,2
On the Effect of Onboarding Computing Students without Programming-Confidence or -Experience,3
"On the Effectiveness of Dataset Embeddings in Mono-lingual, Multi-lingual and Zero-shot Conditions",2
On the VNP-Hardness of Some Monomial Symmetric Polynomials,2
On the causality between affective impact and coordinated human-robot reactions,2
"One data state, two data logics : Unfolding China's data governance",3
Open to Change: A Theory for Iterative Test-Driven Modelling,2
Openness to other People's Opinions in Online Debate,2
Organisations as material,2
Outsourcing response-ability : Tales from ‘agile’ governance,5
Outsourcing response-ability : The agile transformation of the Danish public sector,4
Overview of the SISAP 2024 Indexing Challenge,2
Ovum: Designing for Fertility Tracking as a Shared and Domestic Experience,2
PLAN: Variance-Aware Private Mean Estimation,2
PLAN: Variance-Aware Private Mean Estimation.,2
PLAYING OURSELVES INTO FEUDALISM: THE POLITICS AND ETHICS OF LUDIC AUTOMATION,2
POSTER: Enabling User-Accountable Mechanisms in Decision Systems,2
PPSTOW: An End-to-End Deep Reinforcement Learning Model for Master Stowage Planning on Container Vessels,3
ParCorFull2.0: A parallel corpus annotated with full coreference,2
Parallel Data Helps Neural Entity Coreference Resolution,2
Parsing Universal Dependencies without training,2
Patching Locking Bugs Statically with Crayons,2
Personas : User Focused Design,4
Petri Nets in Bigraphs Revisited,2
Phase Recognition during Surgical Procedures using Embedded and Body-worn Sensors,2
Photoelectric sensor setup and characterization for general interface detection in laboratory scale liquid-liquid extraction processes,2
Physical Neural Cellular Automata for 2D Shape Classification,3
Platform Labour as a Stepping Stone? : Challenging the Dominant Narrative for Danish Housecleaning Platforms,2
Player-AI Interaction: What Neural Network Games Reveal About AI as Play,2
"Playing With Neuroscience: Past, Present and Future of Neuroimaging and Games",2
Predicting Bearings Degradation Stages for Predictive Maintenance in the Pharmaceutical Industry,3
Preface,126
PregnancyCubes: A design process to cultivate tensions,2
Preparing Software Re-Engineering via Freehand Sketches in Virtual Reality,3
Prior and Posterior Networks : A Survey on Evidential Deep Learning Methods For Uncertainty Estimation,2
Privacy with Good Taste: A Case Study in Quantifying Privacy Risks in Genetic Scores,2
Privacy-Preserving Dispute Resolution in the Improved Bingo Voting,2
Privug: Using Probabilistic Programming for Quantifying Leakage in Privacy Risk Analysis,2
Probing for Labeled Dependency Trees,2
Procedurally generating rules to adapt difficulty for narrative puzzle games,3
Proceedings of the 1st Workshop on Uncertainty-Aware NLP (UncertaiNLP 2024),2
Profiling and Monitoring Deep Learning Training Tasks,6
Programming macro tree transducers,2
"Programming under the influence: On the effect of Heat, Noise, and Alcohol on Novice programmers",3
Progress as Compositional Lock-Freedom,2
Project Engagement Technologies and Their Role in Shaping Conditions for Engagement and Care in Participatory Design Projects,2
Promises and perils of computational thinking : A discussion piece,2
Proposing organisational usability as an enabler of organisational service design maturity,4
Prototypes all the way down : Prototyping in the teaching and development of technology Comprehension,2
Prototyping as making sense of expressions,2
"Prototyping the future, prototyping citizens: The trial of Technology Comprehension in Danish Schooling",2
Provoking Performing Objects: Expanding the Design Space for Soft Robotics,2
Pull Request Governance In Open Source Communities,2
Pursuing Digitalization in the Public Sector through Collaborative Public-Private Agile Service Innovation,2
Quantifying Information Leakage of Randomized Protocols,2
Quantifying information leakage of randomized protocols,2
Quick testing of evolved robot morphologies using EMERGE modules,2
RESEDA: Declaring Live Event-Driven Computations as REactive SEmi-Structured DAta,2
RESET - A climate magazine by the IT University of Copenhagen : Living well with technology in the climate emergency?,3
RESET - a climate IT magazine : Students in the Climate Emergency,3
RESET : a climate IT magazine,3
RSLIS/AAU at CHiC 2013,4
Re-Imagining the Landscape of Future Farming,2
ReGraDa : Reactive Graph Data,3
ReGraDa: Reactive graph data,2
Reaching the Edge of the Edge: Image Analysis in Space,2
Reactive Programming of Robots with RxROS,2
RecSys in HR : Workshop on recommender systems for human resources,2
Receipt-Free Electronic Voting from zk-SNARK,2
Reconfiguring the Appearance and Expression of Social Robots by Acknowledging their Otherness,2
Reconfiguring the Smartphone to Support Intentional Use,2
Reducing the Vertex Cover Number via Edge Contractions,2
Reducing the vertex cover number via edge contractions,2
Refinement for Transition Systems with Responses,3
Reflections Towards More Thoughtful Engagement with Literature Reviews in HCI,2
Reliable Plan Selection with Quantified Risk-Sensitivity,2
"Replication, refinement &amp; reachability : complexity in dynamic condition-response graphs",2
Representing Session Types,2
"Representing Sparse Vectors with Differential Privacy, Low Error, Optimal Space, and Fast Access",2
Research Community Perspectives on “Intelligence” and Large Language Models,3
Research Methodologies and Ethical Challenges in Digital Migration Studies : Caring For (Big) Data?,2
Researching Cooperation and Communication in Continuous Software Engineering,2
Resources and Evaluations for Danish Entity Resolution,2
"Rethinking digitalization and climate: don’t predict, mitigate",2
Review for future research in digital leadership,2
Revisiting Hidden Representations in Transfer Learning for Medical Imaging,3
Risk-Averse Planning and Plan Assessment for Marine Robots,2
Robotic Automation to Augment Quality of Artificial Chemical Life Experiments,2
Robots can defuse high-intensity conflict situations,2
Rohingya mHealth: Investigating Mental Health in Kutupalong Refugee Camp,2
RtD in Situ : Discussing the Domains and Impact of Design Research,2
SOCIOLOGISKE MEKANISMER BAG IKT-RELATERET TECHNOSTRESS PÅ ARBEJDSPLADSEN,2
Safe Reinforcement Learning through Meta-learned Instincts,2
SafeNet: Challenges and strategies in combatting online hate speech,3
Safer Reinforcement Learning through Transferable Instinct Networks,2
Safer reinforcement learning through evolved instincts,2
"Safety, Liveness and Run-time Refinement for Modular Process-Aware Information Systems with Dynamic Sub Processes",2
"Salvage Biology? : A Commentary on the Sociotechnical Imaginaries of Bioeconomy, Tech 4.0 and Markets in the Amazon",2
Salvage technoscience: Conserving and extracting the value of the Amazon Rainforest,2
Scientification through privatization : POL-INTEL in Denmark,2
Second Workshop on Recommender Systems for Human Resources (RecSys in HR 2022),2
Security Awareness Training Through Experiencing the Adversarial Mindset,2
Security Protocols as Choreographies,8
Self-Organized Construction with Continuous Building Material : Higher Flexibility based on Braided Structures,2
SeniorInteraktion : Innovation gennem dialog,2
Sensor-coupled fractal gene regulatory networks for locomotion control of a modular snake robot,2
Session details: Theme: System software and security: SEC - Computer security track,4
Shortest Two Disjoint Paths in Polynomial Time,2
"Silent Data, Active Patients",2
Silver Syntax Pre-training for Cross-Domain Relation Extraction,3
Simple and Robust Dynamic Two-Dimensional Convex Hull,2
Simpler Optimal Sorting from a Directed Acyclic Graph,2
Simply RaTT: A Fitch-style Modal Calculus for Reactive Programming,2
Skill Extraction from Job Postings using Weak Supervision,4
SkillSpan: Hard and Soft Skill Extraction from English Job Postings,4
Skolemisation for Intuitionistic Linear Logic,2
Slide to Explore 'What If': An Analysis of Explainable Interfaces,2
Slot and Intent Detection Resources for Bavarian and Lithuanian: Assessing Translations vs Natural Queries to Digital Assistants,2
Smiles Summon the Warmth of Spring: A Framework for Thermal and Affective Design Grounded in Classical Chinese Poetry,3
Smörgåsbords for Physical Computing,3
SnakModel : Lessons Learned from Training an Open Danish Large Language Model,3
Social Robotic Donuts,2
Socio-technical HCI for Ethical Value Exchange : A Case of Service Design and Innovation ‘at the Margins’ in Resource Constrained Environments,2
Socio-technical HCI for Ethical Value Exchange: A Case of Service Design and Innovation ‘at the Margins’ in Resource Constrained Environments,2
Soft Design Science Methodology,2
Sort by Structure: Language Model Ranking as Dependency Probing,2
"Sovereignty, disability and electoral law in Denmark",2
Spaceships and Poetry : Enlivening the Lab as a site of Feminist Critical Pedagogy,5
Special Isssue: Engaging the Data Moment,2
Spectral Probing,2
Speculations on Feminist Reproductive Health Technologies,10
Speculative Data Work &amp; Dashboards : Designing Alternative Data Visions,2
Squeezer - A Mixed-Initiative Tool for Designing Juice Effects,2
Squeezer - A Tool for Designing Juicy Effects,2
Student Perspectives on On-site versus Online Teaching throughout the Covid-19 Pandemic,4
Studier af relevante og tidstypiske digital udfordringer i en dansk/nordisk kontekst : en forskningsantologi fra Business IT-instituttet på IT-Universitetet i København,2
"Subspace Chronicles: How Linguistic Information Emerges, Shifts and Interacts during Language Model Training",2
Successful Innovation in Tele-Care : Continuous Co-creation and Situated Re-Innovation,2
Successful Innovation in Tele-Care: Continuous Cocreation and Situated Re-Innovation,4
Suitability of Nearest Neighbour Indexes for Multimedia Relevance Feedback,2
Summon a demon and bind it: A grounded theory of LLM red teaming,2
Superpolynomial Lower Bounds Against Low-Depth Algebraic Circuits,2
Sustainable Infrastructure for Ad Hoc Social Interaction,2
"Sustainable democracy in digital society. Young Danes, information, and democratic engagement",2
SynthNet: Leveraging Synthetic Data for 3D Trajectory Estimation from Monocular Video,2
Synthetic emotions and Gamification: Exploring Engagement Strategies for Small Social Robots in different age-groups,2
Systematic Derivation of Static Analyses for Software Product Lines,2
TPCx-AI on NVIDIA Jetsons,2
Tactile Comfort: Lowering Heart Rate Through Interactions with a Pocket Robot,2
Tag-Based Recommendation,2
Taming the Confusion of Languages,2
Teaching Environmentally Conscious Game Design: Lessons and Challenges,2
Teaching Participatory Design using Live Projects: Critical Reflections and Lessons Learnt,2
Teaching spatial data science,2
Technical and Socio-Technical Attacks on the Danish Party Endorsement System,2
Techno-political transformation and adaptability in Ghanaian census history,2
TemPose : a new skeleton-based transformer model designed for fine-grained motion recognition in badminton,2
TemPose: a new skeleton-based transformer model designed for fine-grained motion recognition in badminton,3
Tengi Interfaces for Tracing between Heterogeneous Components,2
Tensor-Based Non-Rigid Structure from Motion,2
Tensor-based Emotion Editing in the StyleGAN Latent Space,2
Tensor-based Subspace Factorization for StyleGAN,2
Testing the Genomic Bottleneck Hypothesis in Hebbian Meta-Learning,2
TexMo: A Multi-language Development Environment,2
The Art of Inquiry: Toward Robots that Infer Speech and Movement Characteristics,2
The Augmented Binder: Supporting Cooperative Home Care Work.,2
The Centers and Margins of Modeling Humans in Well-being Technologies,2
The Clocks Are Ticking: No More Delays! : Reduction Semantics for Type Theory with Guarded Recursion,2
The Concurrent Calculi Formalisation Benchmark,2
The Cultural Complexity of Carbon,2
"The Cut: The Circulation of Money and Taxis in Yogyakarta, Indonesia",2
The DCR Workbench: Declarative Choreographies for Collaborative Processes,2
The Danish Gigaword Corpus,2
The Design Space of Multi-Language Development Environments,2
"The EMeRGE modular robot, an open platform for quick testing of evolved robot morphologies",2
The Exponential-Time Complexity of Counting (Quantum) Graph Homomorphisms,2
The Future Supermarket : A Case Study of Ethnographic Experiential Futures,2
The Future Workplace: Characterizing the Spectrum of Hybrid Work Arrangements for Software Teams,2
The Hedonic Haptic Player,3
The Hedonic Haptics Player: A Wearable Device to Experience Vibrotactile Compositions,3
The IKEA Catalogue : Design Fiction in Academic and Industrial Collaborations,2
The Impact of Enterprise Crowdsourcing on Company Innovation Culture : The case of an engineering consultancy,2
The Impact of Projection and Backboning on Network Topologies,2
The Inclusion Office,2
The Lacunae of Danish Natural Language Processing,3
The MONARCA self-assessment system: Persuasive personal monitoring for bipolar patients,3
The MONARCA self-assessment system: a persuasive personal monitoring system for bipolar patients,2
The Misfits in Knowledge Work : Grasping the Essence with the Lens of the IT Knowledge Artefact,2
The Open Organization,2
The Parity of Directed Hamiltonian Cycles,2
The Parity of Set Systems under Random Restrictions with Applications to Exponential Time Problems,3
The Portable Sawmill and Other Challenges to REDD+ in Papua New Guinea,2
The Process Highlighter : From Texts to Declarative Processes and Back,4
The Process Highlighter: From Texts to Declarative Processes and Back,4
The Reordering of Everyday Life through Digital technologies During the Covid-19 Pandemic,2
The Researcher's Plight: Guilt and Shame in Participatory Design and Action Research,2
The Rich Facets of Digital Trace Data,2
The Role of Discretion in the Age of Automation,2
The Rumour Mill : Making the Spread of Misinformation Explicit and Tangible,2
The Rumour Mill: Making the Spread of Misinformation Explicit and Tangible,2
The Sensing and Numeration of Mental Health in a Refugee Camp,2
The Shadow of Big Data: Data-Citizenship and Exclusion,2
The Things of Design Research: Diversity in Objects and Outcomes,3
"The Time of the State and the Temporality of the Gavman in Manus Province, Papua New Guinea",4
The Trouble of Stigma in the Age of Datafication: Screening for Mental Health Issues in a Refugee Camp in Jordan,2
The Uniqueness of IT Cost Risk: A Cross-Group Comparison of 23 Project Types,2
The digital state overflowing its boundaries : Considering the case of digital inclusion in Denmark,4
The digital state overflowing its boundaries: considering the case of digital inclusion in Denmark,4
The impact of enterprise crowdsourcing on company innovation culture : The case of an engineering consultancy,2
The impact of module morphologies on modular robots,2
"The inclusion office : How the Danish digital state knows, listens to, and acts on its citizens’ problems",2
The politics of seamlessness: : a rights claims perspective on digital identification technologies,4
The portable sawmill and other challenges to REDD+ in Papua New Guinea,2
The traveling salesman problem in bounded degree graphs,2
Things Fall Apart: Unpacking the Temporalities of Impermanence for HCI,4
Third Workshop on Recommender Systems for Human Resources (RecSys in HR 2023),2
Three +1 Perspectives on Computational Thinking,3
Three living labs in Denmark : Challenges with co-design and implementation of health IT,2
"Time, Interaction, and Design in Support of a Good Life",2
"Time, Temporality, and Slowness: Future Directions for Design Research",2
Tools for monitoring software quality in information systems development and maintenance: five key challenges and a design proposal,2
Toward Anxiety-Reducing Pocket Robots for Children,2
Toward anxiety-reducing therapeutic pocket robots for children,2
Toward energy Autonomy in heterogeneous Modular Plant-Inspired Robots through Artificial evolution,2
Toward more realistic career path prediction: evaluation and methods,2
Towards A Modular End-To-End Machine Learning Benchmarking Framework,3
Towards Co-Creative Generative Adversarial Networks for Fashion Designers,2
Towards Comparing Recommendation to Multiple-Query Search Sessions for Talent Search,2
Towards Continual Reinforcement Learning through Evolutionary Meta-Learning,2
Towards EvoBot: A liquid-handling robot able to automatize and optimize experiments based on real-time feedback,2
Towards Formal Specification of Reinforcement Learning,3
Towards Immersive Software Archaeology: Regaining Legacy Systems’ Design Knowledge via Interactive Exploration in Virtual Reality,2
Towards Self-Assembling Artificial Neural Networks through Neural Developmental Programs,3
Towards Understanding Complex Known-Item Requests on Reddit,2
Towards a Basic Security Framework for SMEs : Results From an Investigation of Cybersecurity Challenges in Denmark,2
Towards a Deep Reinforcement Learning Model of Master Bay Stowage Planning,3
Towards a Framework for Human-AI Interaction Patterns in Co-Creative GAN Applications,10
Towards a Mechanized Proof of Selene Receipt-Freeness and Vote-Privacy,2
Towards a Programming Language for Declarative Event-based Context-sensitive Reactive Services,2
Towards a Proof System for Probabilistic Dynamic Logic,2
Towards gaze-controlled platform games,2
Tracking Code-based Verification-Design and Evaluation,2
Trimming Data Sets: a Verified Algorithm for Robust Mean Estimation,3
Type Checking Liveness for Collaborative Processes with Bounded and Unbounded Recursion,2
Type-checking Liveness for Collaborative Processes with Bounded and Unbounded Recursion,2
UDREDNING: : an Extended Reality Artwork for Affectively Engaging with Diagnosing Processes,2
Uncalibrated Non-Rigid Factorisation by Independent Subspace Analysis,8
Uncertainty Driven Active Learning for Image Segmentation in Underwater Inspection,3
Understanding Recruiters’ Information Seeking Behavior in Talent Search,2
Uniquifying Architecture Visualization through Variable 3D Model Generation,2
Universal Hand Gesture Interaction Vocabulary for Cross-Cultural Users: Challenges and Approaches,2
Unleashing the Potentials of Immersive Augmented Reality for Software Engineering,2
Unpacking Non-Dualistic Design: The Soma Design Case,2
Upon Not Opening The Black Box,8
Urban highways are barriers to social ties,2
User Involvement in Service Innovation Processes,2
Using Fourier-Motzkin Elimination to Produce Efficient Cargomix Models for Revenue Management,2
Using Psychophysiological Insights to Evaluate the Impact of Loot Boxes on Arousal,3
Using Tangible Interaction to Design Musicking Artifacts for Non-musicians,3
Utilizing Software Architecture Recovery to Explore Large-Scale Software Systems in Virtual Reality,2
Variability Abstractions: Trading Precision for Speed in Family-Based Analyses,2
Variability Bugs in Highly Configurable Systems: A Qualitative Analysis,2
Variability abstractions for lifted analyses,2
Variability mechanisms in software ecosystems,2
Variability through the Eyes of the Programmer,3
Variational Neural Cellular Automata,2
Vibing Together: Dance Experiences in Social Virtual Reality,2
Video Game Description Language Environment for Unity Machine Learning Agents,2
Virtual by Design: How a Work Environment Can Support Agile Distributed Software Development,2
Visualizing the Conceptual Framework of Object Orientation for Novice Programmers,2
"Voice-based Technology and Ageing : Infrastructures of Voice, Environments of Affect",2
"Voice-enabled technologies and sociotechnical imaginaries of care, ageing and the home : Voice-enabled technologies and sociotechnical imaginaries of care, ageing and the home",2
Volunteer-based IT Helpdesks as Ambiguous Quasi-Public Services : A Case Study from Two Nordic Countries,2
Voter Perceptions of Trust in Risk-Limiting Audit,2
Voter Perceptions of Trust in Risk-Limiting Audits (Extended),2
Walking Speed Learning and Generalization Using Seq2Seq Gated and Adaptive Continuous-Time Recurrent Neural Network (S2S-GACTRNN) for a Hip Exoskeleton,2
Walking Through Normativities of Reproductive Bodies: A Method for Critical Analysis of Tracking Applications,3
Walking Through the Method Zoo: Does Higher Education Really Meet Software Industry Demands?,2
Was the Nobel prize for physics? Yes - not that it matters,2
Watching Together but Apart: Shared Video Experiences During COVID-19 Outbreak,2
What Makes Agile Software Development Agile,2
What Monads Can and Cannot Do with a Bit of Extra Time,2
What We Took From Metaphors: A Case of Designing For Care After Abortion,3
What do You Mean by Relation Extraction? A Survey on Datasets and Study on Scientific Relation Classification,2
"What makes a vote, and what does a vote make?",2
What makes guarded types tick?,2
When Theory Becomes Action: The Data Commons Concept as Intervention,3
When the police hijacked #Blockupy Frankfurt,2
Why Does Code Review Work for Open Source Software Communities?,2
Why Managers Don't Manage: An Interpretive Case Study of Information Systems Adoption Management,2
Why is the winner the best?,3
Wie technologische Faktoren Ambidextrie in Software-Projekten beeinflussen,2
Workshopping Troubles: Towards Feminist Digital Methods,6
Worst-Case Deterministic Fully-Dynamic Biconnectivity in Changeable Planar Embeddings,2
Worst-case deterministic fully-dynamic biconnectivity in changeable planar embeddings,2
Writing bodies and bodies of text: Thinking vulnerability through monsters,7
"You have been in Close Contact with a Person Infected with COVID-19 and you may have been Infected : Understanding Privacy Concerns, Trust and Adoption in Mobile COVID-19 Tracing Across Four Countries",3
Zoom and Enhance : Action Refinement via Subprocesses in Timed Declarative Processes,2
Zoom and enhance: Action refinement via subprocesses in timed declarative processes,2
[Citation needed] Data usage and citation practices in medical imaging conferences,4
aural-visualiser 1000: physical interaction design for materializing moments,2
deep-significance - Easy and Meaningful Statistical Significance Testing in the Age of Neural Networks,2
iNNk: A Multi-Player Game to Deceive a Neural Network,2
‘Breathing-with’: a Design Tactic for the More-than Human,2
‘Credit Is a Basket’: On the Inclusion of Blood Donation in China’s Social Credit System : On the Inclusion of Blood Donation in China’s Social Credit System,2
‘Not for Profit’ Financial Actors: An Autoethnography on Building ESG Measurement with Fintech Startups,3
“From SMS to SNS: The Use of the Internet on the Mobile Phone among Young Danes”.,2
“I’m the leader and I’m going to save the world”: Characterizing Empowering and Disempowering Game Experiences,3
“So I Sold My Soul'': Effects of Dark Patterns in Cookie Notices on End-User Behavior and Perceptions,2
“They each have their forte”: An Exploratory Diary Study of Temporary Switching Behavior between Mobile Messenger Services,2
