first_name,last_name,combined
Jichen,Zhu,"Zhu, Jichen"
Sidsel Küsch,Nørmark,"Nørmark, Sidsel Küsch"
Konstantinos,Floros,"Floros, Konstantinos"
Katrine Meldgaard,Kjær,"Kjær, Katrine Meldgaard"
Kiril Krasimirov,Boyanov,"Boyanov, Kiril Krasimirov"
Morten Tychsen,Clausen,"Clausen, Morten Tychsen"
Holger,Dell,"Dell, Holger"
Kimie Rose,Serup,"Serup, Kimie Rose"
Maia,Eilstrup,"Eilstrup, Maia"
Christoph,Seidl,"Seidl, Christoph"
Katinka Amalie,Schyberg,"Schyberg, Katinka Amalie"
Elda,Paja,"Paja, Elda"
Raúl,Pardo Jimenez,"Pardo Jimenez, Raúl"
Christian,Sivertsen,"Sivertsen, Christian"
Stella,Grasshof,"Grasshof, Stella"
Sif Dam,Sonniks,"Sonniks, Sif Dam"
Rob van der,Goot,"Goot, Rob van der"
Maria,Bordorff,"Bordorff, Maria"
Kirsten,Astrup,"Astrup, Kirsten"
Lena,Kühn,"Kühn, Lena"
Jonas,Rosenberg,"Rosenberg, Jonas"
Holly,Logan,"Logan, Holly"
Imke,Grabe,"Grabe, Imke"
Marija,Stepanovic,"Stepanovic, Marija"
Nanna,Sidelmann,"Sidelmann, Nanna"
Therese,Graversen,"Graversen, Therese"
Nanna,Bagge,"Bagge, Nanna"
Kaspar Bredahl,Rasmussen,"Rasmussen, Kaspar Bredahl"
Elias,Najarro,"Najarro, Elias"
Jessamy,Perriam,"Perriam, Jessamy"
Henrik,Larsen,"Larsen, Henrik"
Corinna,Nisi,"Nisi, Corinna"
Thomas Tyge,Andersen,"Andersen, Thomas Tyge"
Vibeke,Smits,"Smits, Vibeke"
Katja Sara Pape,de Neergaard,"de Neergaard, Katja Sara Pape"
Mikala,Hansbøl,"Hansbøl, Mikala"
Bayram,Sülük,"Sülük, Bayram"
Jesper Büttner,Olesen,"Olesen, Jesper Büttner"
Kristian Nørgaard,Jensen,"Jensen, Kristian Nørgaard"
Maria Sinziiana,Astefanoaei,"Astefanoaei, Maria Sinziiana"
Vedran,Sekara,"Sekara, Vedran"
Vlad,Gîdea,"Gîdea, Vlad"
Anaya Mourad,Jensen,"Jensen, Anaya Mourad"
Maria Jung,Barrett,"Barrett, Maria Jung"
Melanie Duckert,Schmidt,"Schmidt, Melanie Duckert"
Asger Balle,Pedersen,"Pedersen, Asger Balle"
Joachim Winther,Pedersen,"Pedersen, Joachim Winther"
Louise,Sørensen,"Sørensen, Louise"
David,Sasu,"Sasu, David"
Christian Janos,Lebeda,"Lebeda, Christian Janos"
Katrine Drachmann,Strawbridge,"Strawbridge, Katrine Drachmann"
Mike Hyslop,Graham,"Graham, Mike Hyslop"
Rasmus Carl,Rønneberg,"Rønneberg, Rasmus Carl"
Cecilie Krogh,Hjersing,"Hjersing, Cecilie Krogh"
Ea,Larsen,"Larsen, Ea"
Ditte Nygaard,Rasmussen,"Rasmussen, Ditte Nygaard"
Maximilian,Müller-Eberstein,"Müller-Eberstein, Maximilian"
Mike,Zhang,"Zhang, Mike"
Adrian,Hoff,"Hoff, Adrian"
Maria Bendix,Mikkelsen,"Mikkelsen, Maria Bendix"
Dennis Thomas,Ulmer,"Ulmer, Dennis Thomas"
Elisa,Bassignana,"Bassignana, Elisa"
Frederik Gabriel,Jørgensen,"Jørgensen, Frederik Gabriel"
Qiuyu,Jiang,"Jiang, Qiuyu"
Otto Stadel,Clausen,"Clausen, Otto Stadel"
Camilla Vesterberg,Christensen,"Christensen, Camilla Vesterberg"
Qamar Un Nisa,Sahibzada,"Sahibzada, Qamar Un Nisa"
Ieva,Daukantas,"Daukantas, Ieva"
Christian,Hardmeier,"Hardmeier, Christian"
Shyam,Sudhakaran,"Sudhakaran, Shyam"
Luca Maria,Aiello,"Aiello, Luca Maria"
Veronika,Cheplygina,"Cheplygina, Veronika"
Melissa Høegh,Marcher,"Marcher, Melissa Høegh"
Julian Charles Philip,Priest,"Priest, Julian Charles Philip"
Siyan,Li,"Li, Siyan"
Merethe Riggelsen,Gjørding,"Gjørding, Merethe Riggelsen"
Søren,Knudsen,"Knudsen, Søren"
Paw Saabye,Pedersen,"Pedersen, Paw Saabye"
Ida,Thrane,"Thrane, Ida"
Jeppe Kilberg,Møller,"Møller, Jeppe Kilberg"
Magnus,Ibh,"Ibh, Magnus"
Laura,Weihl,"Weihl, Laura"
Jonas Haugaard,Jensen,"Jensen, Jonas Haugaard"
Kirstine,Dahl,"Dahl, Kirstine"
Kasper Hjort,Berthelsen,"Berthelsen, Kasper Hjort"
Julianne,Hughes,"Hughes, Julianne"
Frederik,Haagensen,"Haagensen, Frederik"
Emil,Budtz-Jørgensen,"Budtz-Jørgensen, Emil"
Claire,Glanois,"Glanois, Claire"
Aske,Mottelson,"Mottelson, Aske"
Bent,Flyvbjerg,"Flyvbjerg, Bent"
Dovile,Juodelyte,"Juodelyte, Dovile"
Lottie Rosamund,Greenwood,"Greenwood, Lottie Rosamund"
Mahya Mohammadi,Kashani,"Kashani, Mahya Mohammadi"
Sergio Daniel,Quijano,"Quijano, Sergio Daniel"
Emily Louisa Laue,Christensen,"Christensen, Emily Louisa Laue"
Matas,Sabalas,"Sabalas, Matas"
Maaike Annebet,Zwart,"Zwart, Maaike Annebet"
Nutan,Limaye,"Limaye, Nutan"
Titus Theodorus (Ties),Robroek,"Robroek, Titus Theodorus (Ties)"
Stefan,Heinrich,"Heinrich, Stefan"
Jakob,Tonn-Petersen,"Tonn-Petersen, Jakob"
Linea Oxholm,Larsen,"Larsen, Linea Oxholm"
Dawit,Tirore,"Tirore, Dawit"
Ehsan,Yousefzadeh-Asl-Miandoab,"Yousefzadeh-Asl-Miandoab, Ehsan"
Luis Alfredo Landa,Mariaca,"Mariaca, Luis Alfredo Landa"
Meisam Jamshidi,Seikavandi,"Seikavandi, Meisam Jamshidi"
Mohsen,Ghaffari,"Ghaffari, Mohsen"
Sandro,Sousa,"Sousa, Sandro"
Dina Friberg,Larsen,"Larsen, Dina Friberg"
Pernille,Hvalsøe,"Hvalsøe, Pernille"
Leon Y.,Xiao,"Xiao, Leon Y."
Paloma Thomé de,Lima,"Lima, Paloma Thomé de"
Robert,Bayer,"Bayer, Robert"
Ane Rahbek,Vierø,"Vierø, Ane Rahbek"
Cecilie Caroline,Falch,"Falch, Cecilie Caroline"
Louise Meier,Carlsen,"Carlsen, Louise Meier"
Carsten Lund,Pedersen,"Pedersen, Carsten Lund"
Jaike van,Twiller,"Twiller, Jaike van"
Stine Lund,Wesselhoff,"Wesselhoff, Stine Lund"
Kristian Holm,Hansen,"Hansen, Kristian Holm"
Riddhi,Raj,"Raj, Riddhi"
Henriette,Friis,"Friis, Henriette"
Lukas,Retschmeier,"Retschmeier, Lukas"
Alberte Kjær,Wærens,"Wærens, Alberte Kjær"
Wioletta,Giuza,"Giuza, Wioletta"
Daniel,Fürstenau,"Fürstenau, Daniel"
Eleni Tzirita,Zacharatou,"Zacharatou, Eleni Tzirita"
Peter,Kun,"Kun, Peter"
Sebastian Mateos,Nicolajsen,"Nicolajsen, Sebastian Mateos"
Luna,Rasmussen,"Rasmussen, Luna"
Amelia Jiménez,Sánchez,"Sánchez, Amelia Jiménez"
Nikolaj Krebs,Pedersen,"Pedersen, Nikolaj Krebs"
Anna,Brynskov,"Brynskov, Anna"
Jon,Aaen,"Aaen, Jon"
Thomas Vase Schultz,Volden,"Volden, Thomas Vase Schultz"
Per Bruun,Brockhoff,"Brockhoff, Per Bruun"
Elisa,Mekler,"Mekler, Elisa"
Olga,Iarygina,"Iarygina, Olga"
Piyakorn,Koowattanataworn,"Koowattanataworn, Piyakorn"
Philip,Sønderberg,"Sønderberg, Philip"
Hanna,Vágsheyg,"Vágsheyg, Hanna"
Laurits,Dixen,"Dixen, Laurits"
Camilla Birch,Okkels,"Okkels, Camilla Birch"
Luigi,Arminio,"Arminio, Luigi"
Carsten,Jørgensen,"Jørgensen, Carsten"
Arianna,Pera,"Pera, Arianna"
Nicolas Hugo,Bessone,"Bessone, Nicolas Hugo"
Toine,Bogers,"Bogers, Toine"
Roosa,Piitulainen,"Piitulainen, Roosa"
Jan Benjamin,Vornhagen,"Vornhagen, Jan Benjamin"
Zoi,Kaoudi,"Kaoudi, Zoi"
Yannick Elmar,Schürmann,"Schürmann, Yannick Elmar"
Camille,Rønn,"Rønn, Camille"
Feng,Feng,"Feng, Feng"
Daniel,Bennett,"Bennett, Daniel"
Thomas Flodgaard,Kaufmanas,"Kaufmanas, Thomas Flodgaard"
David-Levente,Kovacs,"Kovacs, David-Levente"
Anna,Rogers,"Rogers, Anna"
Erwan,Plantec,"Plantec, Erwan"
Lucia Montesinos,Garcia,"Garcia, Lucia Montesinos"
Milton Llera,Montero,"Montero, Milton Llera"
Markus Krabbe,Larsen,"Larsen, Markus Krabbe"
Anders Giovanni,Møller,"Møller, Anders Giovanni"
Thomas,Binder,"Binder, Thomas"
Andreas,Björklund,"Björklund, Andreas"
Alena,Thiel,"Thiel, Alena"
Kai,Budrikas,"Budrikas, Kai"
Wei,Guo,"Guo, Wei"
Eleni,Nisioti,"Nisioti, Eleni"
Martin Lund,Trinhammer,"Trinhammer, Martin Lund"
Amir,Nikabadi,"Nikabadi, Amir"
Raquel,Robinson,"Robinson, Raquel"
Yucheng,Lu,"Lu, Yucheng"
Christine Borgvold Naaby,Hansen,"Hansen, Christine Borgvold Naaby"
Ingrid Jakobi Wolff,Madsen,"Madsen, Ingrid Jakobi Wolff"
Anders Weile,Larsen,"Larsen, Anders Weile"
Martin Abildgaard,Padalak,"Padalak, Martin Abildgaard"
Pratik Suresh,Ingle,"Ingle, Pratik Suresh"
Bailey,Dacre,"Dacre, Bailey"
Christina Frederikke,Nissen,"Nissen, Christina Frederikke"
Felipe Silva,Figueiredo,"Figueiredo, Felipe Silva"
Peter Brunsgaard,Trolle,"Trolle, Peter Brunsgaard"
Justyna,Starostka,"Starostka, Justyna"
Rahul Bangalore,Satish,"Satish, Rahul Bangalore"
Willem Lennert Antoon van der,Maden,"Maden, Willem Lennert Antoon van der"
Tobias,Pedersen,"Pedersen, Tobias"
Louie Søs,Meyer,"Meyer, Louie Søs"
Karl,Werder,"Werder, Karl"
Clément,Sebastiao,"Sebastiao, Clément"
Kamila Anna,Dzierzak,"Dzierzak, Kamila Anna"
Mesut,Kaya,"Kaya, Mesut"
Nicklas Engelbrecht,Ravn,"Ravn, Nicklas Engelbrecht"
Timothée François Nathan,Anne,"Anne, Timothée François Nathan"
Safra Aurora Noelle,Martinussen,"Martinussen, Safra Aurora Noelle"
Raha,Asadi,"Asadi, Raha"
Raquel Andrade Barros,Ouriques,"Ouriques, Raquel Andrade Barros"
Xenofon,Karakonstantis,"Karakonstantis, Xenofon"
Arturo Valdivia,Martinez,"Martinez, Arturo Valdivia"
Mylène,Tanferri,"Tanferri, Mylène"
Fioralba,Ajazi,"Ajazi, Fioralba"
Lene,Rehder,"Rehder, Lene"
Prateek,Dwivedi,"Dwivedi, Prateek"
Ratish Surendran,Puduppully,"Puduppully, Ratish Surendran"
Harshit,Harshit,"Harshit, Harshit"
Doga Buse,Cavdir,"Cavdir, Doga Buse"
Silke Sofie Holme,Bonnén,"Bonnén, Silke Sofie Holme"
Martin,Hentschel,"Hentschel, Martin"
Tomasz,Chwalek,"Chwalek, Tomasz"
Nicola Bjerg,Ens,"Ens, Nicola Bjerg"
Johanna Christine Larby,Lithén,"Lithén, Johanna Christine Larby"
Jonas,Juul,"Juul, Jonas"
Mark Staun,Poulsen,"Poulsen, Mark Staun"
Luiza Ribeiro,Marnet,"Marnet, Luiza Ribeiro"
Claudia,Acciai,"Acciai, Claudia"
Magnus Rahbek Dalgaard,Hansen,"Hansen, Magnus Rahbek Dalgaard"
Juri,Petersen,"Petersen, Juri"
Xiao,Li,"Li, Xiao"
Anna-Mamusu,Wehlitz,"Wehlitz, Anna-Mamusu"
Bertram,Højer,"Højer, Bertram"
Andreas Geert Motzfeldt,Jensen,"Jensen, Andreas Geert Motzfeldt"
Kara,Oehler,"Oehler, Kara"
Aref,Moradi,"Moradi, Aref"
Leo,Vitasovic,"Vitasovic, Leo"
Alessia,Galdeman,"Galdeman, Alessia"
Caroline Costa da Silva,Gaudeoso,"Gaudeoso, Caroline Costa da Silva"
Eduard,Kamburjan,"Kamburjan, Eduard"
Pelin,Karaturhan,"Karaturhan, Pelin"
Christina Staun,Biangslev,"Biangslev, Christina Staun"
Morten Ib Kjærgaard,Munk,"Munk, Morten Ib Kjærgaard"
Sebastian,Vissing Clausen,"Vissing Clausen, Sebastian"
Anders,Schaumann,"Schaumann, Anders"
Olaya Alvarez,Tunon,"Tunon, Olaya Alvarez"
Shivansh,Ajmani,"Ajmani, Shivansh"
Jakob Grue,Simonsen,"Simonsen, Jakob Grue"
Nikolaos,Salamanos,"Salamanos, Nikolaos"
Marcello,Barylli,"Barylli, Marcello"
Anne Sofie Gammelgaard,Gregersen,"Gregersen, Anne Sofie Gammelgaard"
David,Struthers,"Struthers, David"
Martin,Mitrovic,"Mitrovic, Martin"
Alexander Theodor Bilde,Pedersen,"Pedersen, Alexander Theodor Bilde"
Luís,Cruz-Filipe,"Cruz-Filipe, Luís"
Frauke Tom H,Mennes,"Mennes, Frauke Tom H"
Ricardo Jose Menezes,Maia,"Maia, Ricardo Jose Menezes"
Christos-Evangelos,Lampropoulos,"Lampropoulos, Christos-Evangelos"
Inna,Ermilova,"Ermilova, Inna"
Alejandro Lorite,Mora,"Mora, Alejandro Lorite"
Daniel,Nickelsen,"Nickelsen, Daniel"
Tim Frederik,Seppelt,"Seppelt, Tim Frederik"
Simona,Mancusi,"Mancusi, Simona"
Amelie,Wührl,"Wührl, Amelie"
Aycan,Aslan,"Aslan, Aycan"
Megan Lynn,Maurer,"Maurer, Megan Lynn"
Sarita de,Berg,"Berg, Sarita de"
Mattes,Ruckdeschel,"Ruckdeschel, Mattes"
Anders,Rasmussen,"Rasmussen, Anders"
Yueran,Tian,"Tian, Yueran"
Nicholas,Hansen,"Hansen, Nicholas"
Ola,Rønning,"Rønning, Ola"
Ivor van der,Hoog,"Hoog, Ivor van der"
Manon Brigitte,Blanc,"Blanc, Manon Brigitte"
Ida Marie,Schrøder,"Schrøder, Ida Marie"
Kathrin,Korte,"Korte, Kathrin"
Nikolaos,Vitsakis,"Vitsakis, Nikolaos"
Stine Loft,Rasmussen,"Rasmussen, Stine Loft"
Juliette Marie Victoire,Vlieghe,"Vlieghe, Juliette Marie Victoire"
Eva,Rotenberg,"Rotenberg, Eva"
Ask Greve,Johansen,"Johansen, Ask Greve"
Maya,Acharya,"Acharya, Maya"
Sergei,Stepanenko,"Stepanenko, Sergei"
Théo,Sourget,"Sourget, Théo"
Johannes Gabriel,Sindlinger,"Sindlinger, Johannes Gabriel"
Lasse Sascha Stefan,Wulf,"Wulf, Lasse Sascha Stefan"
Mikhail,Fiadotau,"Fiadotau, Mikhail"
Johanne Müller,Vistisen,"Vistisen, Johanne Müller"
Sven Matthias,Peldszus,"Peldszus, Sven Matthias"
Jens Birk,Andersen,"Andersen, Jens Birk"
Dooley Joel,Murphy,"Murphy, Dooley Joel"
Eszter,Vigh,"Vigh, Eszter"
Anna Elisabeth Østergaard,Hjortdal,"Hjortdal, Anna Elisabeth Østergaard"
Ramya,Rao,"Rao, Ramya"
Rasmus,Ronneberg,"Ronneberg, Rasmus"
Bergdís Ester,Gísladóttir,"Gísladóttir, Bergdís Ester"
Willem Jan,Pieterson,"Pieterson, Willem Jan"
Sofía,Guridi,"Guridi, Sofía"
Michele De,Cillis,"Cillis, Michele De"
Valerio,Siniscalco,"Siniscalco, Valerio"
Zhuojun,Gu,"Gu, Zhuojun"
Ditte,Bjerregaard,"Bjerregaard, Ditte"
Anders Aagaard,Kristensen,"Kristensen, Anders Aagaard"
Maria Florencia,Langa,"Langa, Maria Florencia"
Mia Sikker,Thastum,"Thastum, Mia Sikker"
Mafalda,Samuelsson-Gamboa,"Samuelsson-Gamboa, Mafalda"
Elisabetta,Salvai,"Salvai, Elisabetta"
Burak,Özdemir,"Özdemir, Burak"
Marc,Peral,"Peral, Marc"
Kevin Marín,Rubio,"Rubio, Kevin Marín"
Anton,Ekman-Thorgaard,"Ekman-Thorgaard, Anton"
Tanya Isabell Signe Rudberg,Selin,"Selin, Tanya Isabell Signe Rudberg"
Daniel Verdi do,Amarante,"Amarante, Daniel Verdi do"
Yuliia Storm,Larsen,"Larsen, Yuliia Storm"
Sigrid,Lind,"Lind, Sigrid"
Lasse Lund Sten,Jensen,"Jensen, Lasse Lund Sten"
Oscar Wiberg,Friisgaard,"Friisgaard, Oscar Wiberg"
Daniela,Gallo,"Gallo, Daniela"
Oscar William,Kankanranta,"Kankanranta, Oscar William"
Marco,Tonin,"Tonin, Marco"
Alessandro,Ariis,"Ariis, Alessandro"
Gusts Gustavs,Grinbergs,"Grinbergs, Gusts Gustavs"
Erfan Samieyan,Sahneh,"Sahneh, Erfan Samieyan"
Caroline Rosenberg,Antonsen,"Antonsen, Caroline Rosenberg"
Martin Møller Djervil,Bech,"Bech, Martin Møller Djervil"
Frederikke Uldahl,Martensen,"Martensen, Frederikke Uldahl"
Gianmarco,Tedeschi,"Tedeschi, Gianmarco"
Edoardo,Maggioni,"Maggioni, Edoardo"
Sanja,Cejvanovic,"Cejvanovic, Sanja"
Thomas,Murphy,"Murphy, Thomas"
Tim Sehested,Poulsen,"Poulsen, Tim Sehested"
Damiano,Orlandi,"Orlandi, Damiano"
Antonia-Bianca,Zserai,"Zserai, Antonia-Bianca"
Stian,Sivertsgård,"Sivertsgård, Stian"
Ida Marie,Iversen,"Iversen, Ida Marie"
Pranabendu,Misra,"Misra, Pranabendu"
Ulrik Vincent Østergaard,Bertelsen,"Bertelsen, Ulrik Vincent Østergaard"
Farley,Nobre,"Nobre, Farley"
Beatrix Miranda Ginn,Nielsen,"Nielsen, Beatrix Miranda Ginn"
Ralf,Raumanns,"Raumanns, Ralf"
Jan,Elfes,"Elfes, Jan"
Anar,Yeginbergenova,"Yeginbergenova, Anar"
Yili,Ge,"Ge, Yili"
David,Prochazka,"Prochazka, David"
Jacob Aarup,Dalsgaard,"Dalsgaard, Jacob Aarup"
Katharina Anastasia Iniakhina,Schmidt,"Schmidt, Katharina Anastasia Iniakhina"
Lasse Buschmann,Alsbirk,"Alsbirk, Lasse Buschmann"
Nikolaj Munk Binder,Jensen,"Jensen, Nikolaj Munk Binder"
Rasmus,Lystrøm,"Lystrøm, Rasmus"
Nils Cornelius,Grünefeld,"Grünefeld, Nils Cornelius"
Arzu Burcu,Güven,"Güven, Arzu Burcu"
Hanna Dana,Stokes,"Stokes, Hanna Dana"
Markus Løfgren,Elvig,"Elvig, Markus Løfgren"
Daniel Peter,Rutschmann,"Rutschmann, Daniel Peter"
Srikanth,Tiyyagura,"Tiyyagura, Srikanth"
Johanne Aarup,Hansen,"Hansen, Johanne Aarup"
Anette,Broløs,"Broløs, Anette"
Noah Brunken,Syrkis,"Syrkis, Noah Brunken"
Erica,Manca,"Manca, Erica"
Barbora,Matejova,"Matejova, Barbora"
Turjja,Datta,"Datta, Turjja"
Emil,Radosavljevic,"Radosavljevic, Emil"
Frederik Max,Grøn,"Grøn, Frederik Max"
Ellen Yue,Daetz,"Daetz, Ellen Yue"
Mads Dalgaard,Andersen,"Andersen, Mads Dalgaard"
Elisabeth Broe,Christensen,"Christensen, Elisabeth Broe"
Steffen,Löfvall,"Löfvall, Steffen"
Stefano,Vincenti,"Vincenti, Stefano"
Reyes Torrubia,Sanz,"Sanz, Reyes Torrubia"
Mads Sejer,Pedersen,"Pedersen, Mads Sejer"
Tobias Worm,Bøgedal,"Bøgedal, Tobias Worm"
Jacobus,Conradi,"Conradi, Jacobus"
Sara,Savani,"Savani, Sara"
Roan,Schellingerhout,"Schellingerhout, Roan"
Manuel,Knepper,"Knepper, Manuel"
Signe Louise,Yndigegn,"Yndigegn, Signe Louise"
Yuta,Moroi,"Moroi, Yuta"
Vinit,Ravishankar,"Ravishankar, Vinit"
Raffaello,Mastromarino,"Mastromarino, Raffaello"
Luca,Gallo,"Gallo, Luca"
Mathias Tinghøj,Tulinius,"Tulinius, Mathias Tinghøj"
Florian,Meier,"Meier, Florian"
Kevin,Hermann,"Hermann, Kevin"
Steen Lund,Holbek,"Holbek, Steen Lund"
Morten Rahbæk,Boilesen,"Boilesen, Morten Rahbæk"
Niclas,Classen,"Classen, Niclas"
Mihaela Yurieva,Hristova,"Hristova, Mihaela Yurieva"
Vincenzo,Carandente,"Carandente, Vincenzo"
Fatemeh,Vatani,"Vatani, Fatemeh"
Debasmita,Lohar,"Lohar, Debasmita"
Kristina,Andersen,"Andersen, Kristina"
Rune,Saugmann,"Saugmann, Rune"
Anika,Schröder,"Schröder, Anika"
Hjalte Erlang,Treebak,"Treebak, Hjalte Erlang"
Victor Bloch Daugaard,Hansen,"Hansen, Victor Bloch Daugaard"
Alessandro,Valerio,"Valerio, Alessandro"
Mads,Høpner,"Høpner, Mads"
Weronika,Mlotkowska,"Mlotkowska, Weronika"
Francisca,Kanstrup,"Kanstrup, Francisca"
Emilia,Helsted,"Helsted, Emilia"
Giulia,Curtolo,"Curtolo, Giulia"
Marion,Meyers,"Meyers, Marion"
Bergur,Davidsen,"Davidsen, Bergur"
Zahra Abdus,Samad,"Samad, Zahra Abdus"
Sara Pissarra Gouveia,Vieira,"Vieira, Sara Pissarra Gouveia"
Alexandra,Ghizdareanu,"Ghizdareanu, Alexandra"
Axel,Døring,"Døring, Axel"
Apostolos,Draganis,"Draganis, Apostolos"
Sigurd Viktor,Bjerager,"Bjerager, Sigurd Viktor"
Stine,Derror,"Derror, Stine"
Milja,Hildigunnsdottir,"Hildigunnsdottir, Milja"
Tom Jonas,Kordes,"Kordes, Tom Jonas"
Gabija,Makutenaite,"Makutenaite, Gabija"
Niklas,Christensen,"Christensen, Niklas"
Abdulrahman,Mohsen,"Mohsen, Abdulrahman"
Annam Bashir,Chaudhry,"Chaudhry, Annam Bashir"
Victor Hvid,Troelsen,"Troelsen, Victor Hvid"
Catalina-Elena,Popovici,"Popovici, Catalina-Elena"
Nicolai,Seloy,"Seloy, Nicolai"
Amanda Reiff Kirkegaard,Nathan,"Nathan, Amanda Reiff Kirkegaard"
Mariia,Zviahintseva,"Zviahintseva, Mariia"
Felicia,Sørensen,"Sørensen, Felicia"
Jonathan,Opitz,"Opitz, Jonathan"
Marius,Salcutan,"Salcutan, Marius"
Lucía,Gómez Zaragozá,"Gómez Zaragozá, Lucía"
Søren,Kastrup,"Kastrup, Søren"
Mohamed Karam,Haybout,"Haybout, Mohamed Karam"
Babette,Bækgaard,"Bækgaard, Babette"
Villads,Emil,"Emil, Villads"
Rebecca,Schneider,"Schneider, Rebecca"
Jacques Høyberg Puvis de,Chavannes,"Chavannes, Jacques Høyberg Puvis de"
Oleg,Jarma,"Jarma, Oleg"
Luca Bjørn,Larsen,"Larsen, Luca Bjørn"
Halfdan,Brage,"Brage, Halfdan"
Daria,Pietruczynik,"Pietruczynik, Daria"
Louise Holst,Andersen,"Andersen, Louise Holst"
Philip,Quorning,"Quorning, Philip"
Noah van,Wagenen,"Wagenen, Noah van"
Thomas,Deis-Christensen,"Deis-Christensen, Thomas"
Kristóf,Lénárd,"Lénárd, Kristóf"
Adam,Sweilem,"Sweilem, Adam"
Zhipeng,Zhao,"Zhao, Zhipeng"
Jakub,Gasior,"Gasior, Jakub"
Anastasiia,Sedova,"Sedova, Anastasiia"
Vincent,Molenaar,"Molenaar, Vincent"
Filippos,Moumtzidellis,"Moumtzidellis, Filippos"
Anna Sophie Jul,Eilersen,"Eilersen, Anna Sophie Jul"
Sebastian,Rosenkvist,"Rosenkvist, Sebastian"
Allan,Petersen,"Petersen, Allan"
Emma Capion,Avnbøl,"Avnbøl, Emma Capion"
Laura Benthin,Hansen,"Hansen, Laura Benthin"
Hiep,Cao,"Cao, Hiep"
Danyal,Yorulmaz,"Yorulmaz, Danyal"
Johanna,Reuter,"Reuter, Johanna"
Jacob Liam,Curran-Sebastian,"Curran-Sebastian, Jacob Liam"
Eliza,Niedzielski,"Niedzielski, Eliza"
Philip,Mørch,"Mørch, Philip"
Ida Hagemann,Jensen,"Jensen, Ida Hagemann"
Christian,Ainis,"Ainis, Christian"
Thomas,Vallier,"Vallier, Thomas"
Marcus Andreas,Aandahl,"Aandahl, Marcus Andreas"
Matthias,Nielsen,"Nielsen, Matthias"
Line,Larsen,"Larsen, Line"
Amna,Abdullah,"Abdullah, Amna"
August Leander,Hedman,"Hedman, August Leander"
Jacob Møller,Jensen,"Jensen, Jacob Møller"
Oliver Flinck,Sheye,"Sheye, Oliver Flinck"
Lasse Faurby,Klausen,"Klausen, Lasse Faurby"
Sofie,Spiegelhauer,"Spiegelhauer, Sofie"
Christine,Nampeera,"Nampeera, Christine"
Mads Christian Ørskov,Koldenborg,"Koldenborg, Mads Christian Ørskov"
Kira,Szallai,"Szallai, Kira"
Andrej,Alfirevic,"Alfirevic, Andrej"
Johan Hausted,Schmidt,"Schmidt, Johan Hausted"
Sehar,Shafique,"Shafique, Sehar"
Manuela,Widmer,"Widmer, Manuela"
Jan van,Waaij,"Waaij, Jan van"
Nanna,Plougmand,"Plougmand, Nanna"
Stavros,Alfieris,"Alfieris, Stavros"
Frida,Laustsen,"Laustsen, Frida"
Veronika,Kovacicova,"Kovacicova, Veronika"
Seyda Begum,Ersoz,"Ersoz, Seyda Begum"
Gabriela,Zhelyazkova,"Zhelyazkova, Gabriela"
Pietro,Rebecchi,"Rebecchi, Pietro"
Thomas Sandahl,Christensen,"Christensen, Thomas Sandahl"
Nikolaj Munk Binder,Jensen,"Jensen, Nikolaj Munk Binder"
Inga Kristin,Wohlert,"Wohlert, Inga Kristin"
Pavlos,Chatzipolakis,"Chatzipolakis, Pavlos"
Udbela Escanero,Xi,"Xi, Udbela Escanero"
Victoria,Popa,"Popa, Victoria"
Michelle,Kranot,"Kranot, Michelle"
Hongyu,Wu,"Wu, Hongyu"
Alessio,Coltellacci,"Coltellacci, Alessio"
Paul Louis Franz,Huber,"Huber, Paul Louis Franz"
Elias Gilling,Borgmann,"Borgmann, Elias Gilling"
Test Ansat Testesen,Tester,"Tester, Test Ansat Testesen"
Line Falkensten,Ekdahl,"Ekdahl, Line Falkensten"
Susanna Carmen,Caruso,"Caruso, Susanna Carmen"
Jutta,Haider,"Haider, Jutta"
Juan Pablo,Fonseca-Zamora,"Fonseca-Zamora, Juan Pablo"
Roberto,Passaro,"Passaro, Roberto"
Ana Garcia,Quintana,"Quintana, Ana Garcia"
Riccardo Roberto,Basilone,"Basilone, Riccardo Roberto"
Niels Inselmann,Christiansen,"Christiansen, Niels Inselmann"
Florence Claire Smith,Nicholls,"Nicholls, Florence Claire Smith"
Derguene,Mbaye,"Mbaye, Derguene"
Tommaso,Calò,"Calò, Tommaso"
Usama,Saqib,"Saqib, Usama"
Jacob Kildegaard,Larsen,"Larsen, Jacob Kildegaard"
Zarina,Rafgatova,"Rafgatova, Zarina"
Natasja,Bjørklund,"Bjørklund, Natasja"
Andy,Percuccon,"Percuccon, Andy"
Julián Alejandro Gutiérrez,Carrera,"Carrera, Julián Alejandro Gutiérrez"
Jonas,Waaben,"Waaben, Jonas"
Harshith Kumar,Malkapuram Bheemesh Kumar,"Malkapuram Bheemesh Kumar, Harshith Kumar"
Marco,Pernarella,"Pernarella, Marco"
Marco,Stranisci,"Stranisci, Marco"
