first_name,last_name
Jens Christian,Godskesen
Jan,Pries-Heje
Rune Møller,Jensen
Dan Witzner,Hansen
Yvonne,Dittrich
Thore,Husfeldt
Miguel Angel,Sicart
Rasmus Ejlers,Møgelberg
Kasper,Østerbye
Anna,Vallgårda
Andrzej,Wasowski
Lars Rune,Christensen
Søren,Lauesen
Thomas,Hildebrandt
Elise,Nørrekjær
Søren,Debois
Carsten,Schürmann
Claus,Brabrand
Gitte Bang,Stald
Hanna Elina,Wirman
Jens Hedegaard,Nielsen
Vibeke,Ervø
Peter,Sestoft
Marco,Carbone
Georg Dam,Steffensen
Flemming,Hedegaard
Paolo,Burelli
Steen,Brahe
Morten Bach,Jensen
Christian,Stefansen
Søren,Nielsen
Mark,von Rosing
Tom,Flensted
Jette,Kreiner-Møller
Thomas,Vigild
Karen,Boll
Renée Korver,Michan
Jasmine,Duchon
Fiona Bríd,Mulvey
Helge,Pfeiffer
Pippin James,Barr
Berit,Løfstedt
Christian Feldbech,Nissen
Tinus,Mørch Abell
Christopher,Gad
Paolo,Tell
Natalie,Schluter
René,Hansen
Benoît,Stella
Jesper,Bengtson
Amit,Sangroya
Ramkumar,Ramachandra
Shashank,Dabriwal
Mohammad,Sharhan Dakhil Al Jarrah
David Rozado,Fernández
Luigi,Cardamone
Gabriela,Marcu
Amin,Piramoon
Maurizio,Garbarino
Andreas,Hesel
Christos,Iosifidis
Søren,Therkelsen
Birgitte Gorm,Hansen
Lene,Nielsen
Sara Marie,Ertner
Ulrik Hartmann,Gade
Ivana,Cipriano
Mads Bjerregaard,Andersen
Rune Kristian Lundedal,Nielsen
Thomas,Berglund
Károly,Szánto
Signe Marie,Elm-Larsen
Mads,Hartmann Jensen
Yusuf,Pisan
Sidsel Marie,Hermansen
Johanne,Keiding
Lykke,Ilg
Yuri,Malitsky
Jens Zeilund,Sørensen
Thomas Ølund,Høgild
John Willy,Bakke
Marie,Lau
Søren,Vibjerg
William,Robinson
Wusheng,Wang
Michael,Heimark
Tim,Kindberg
Kristian,Borten
Mikkel,Wendt-Larsen
Andrea,Pacino
Bent,Egebart
Kateryna,Lastovka
Ji-Hyeong,Han
Woo-Ri,Ko
Gopalan,Nadathur
Timothy Colfax,Hankins
Christian,Harrington
Nicolai Dahl,Blicher-P.
Héctor Puente,Bienvenido
Nikolaj,Settnes
Laura,Sesma Sanchez
Lian,Yu
Christian Østergaard,Madsen
Jan,Dalsfort
Mads,Munck Petersson
James,Maguire
Henriette,Boesen
Tawhid Bin,Waez
Steffen,Dalsgaard
Julie,Skovbo Pedersen
Andreas Brinck,Kristensen
Bastian,Müller
Magdalena,Kogutowska
Sara Elisabeth Veinholt,Jensen
Siv Katharina Petersen,Søndergaard
Esben Mosbæk,Christensen
Alexander,Almegaard
Ornela,Dardha
Vasiliki,Baka
Marco,De Gasperis
Julie Meinicke,Nielsen
Hans-Joachim Løvind,Backe
Israel,Vazques Marquez
Zhang,Zhichao
Morten,Hjelholt
Stine Birk,Nissen
Simon,Shine
Charlotte,Larsen
Simon,Terkildsen
Freja Bange,Nyboe
Juan Francisco,Belmonte-Ávila
Ida Egedal,Henriksson
Kasper,Støy
Rachel,Douglas-Jones
Luca,Rossi
Cathrine Møller,Petersen
Rikke,Oberlin Flarup
Sebastian,Risi
Michaela,Rizzolli
Paulius,Juodisius
Marie,Olofsen
Sarah Marie El-Youssoufi,Malm
Henrik,Haugbølle
Lars Yndal,Sørensen
Søren Korsholm,Poulsen
Juan Carlos Brinkhard,Krebber
Erik,Grönvall
Jonatan,Van Hove
Gry Krogager,Lund
Panagiotis,Lypiridis
Kristine Helen,Falgren
Vasilis,Galis
Halla Nordfjörd,Gudmundsdottier
Jørn,Lambertsen
Andres,Faina
Emilie,Grambye-Jensen
Thomas,Snaidero
Ioannis,Sintos
Kristrún,Einarsdottir
Jens Ulrik,Jørgensen
Mikkel Riise,Lund
Anders Sundnes,Løvlie
Rodrigo Moreno,Garcia
Hanne,Westh
Marisa,Cohn
Jörn,Christiansson
Anne Geisshirt,Lorentzen
Jonas Kastberg,Hinrichsen
Annemette,Elkrog
Christina,Fischer
Elisabeth Kjær,Simonsen
Margareta,Christensen
Mie,Weile
Stine Letholm,Wagn
Suzanne,Kjær
Stig Vester,Pedersen
Björn,Karlsson
Jens,Schmidt
Martin,Pichlmair
Riko,Jacob
Sarah Tenna,Tobiasen
Michael,Hockenhull
Rikke Lovmand,Vistisen
Louise Harder,Fischer
Irina,Papazu
Jonas,Fritsch
Laurens,Boer
Patrick,Bahr
Vasilieos-Spyridon,Vlassis
Ida Kathrine Hammeleff,Jørgensen
Jimmy Lykke,Mikkelsen
Vasiliki,Tsaknaki
Annette,Thomsen
Friederike,Schlüter
Pedro,Ferreira
Louise Lærke,Jensen
Atanas,Bozhikov
Carina Vind,Petersen
Simon Asger,Gjerløv-Christensen
Elizabete,Munzlinger
Janus,Varmarken
Simon,Langhoff
Alessandro,Bruni
Martin,Aumüller
Sisse,Finken
Lars,Christoffersen
Jesper,Nielsen
Majken,Houborg
Eva,Ulstrup
Sanna-Maria,Marttila
Maria Vilsgaard,Murphy
Ben,Cahill
Louise,Barkhuus
Anne,Stokholm
Cæcilie Sloth,Laursen
Lien,Tran
Anna,Carstens
Dennis Viltsborg,Jonasen
Carlotta,Porcelli
Nina Sølvberg,Nelby
Peter,Morris
Pawel,Grabarczyk
Björn Thór,Jónsson
Rikke,Meyer
Anne Birgitte,Tauris
Rosario,Giustolisi
Konstantinos,Manikas
Harvey,Bewley
Ljiljana,Markovic
Sara,Toft
Christina Gren,Weiland
Line Engel,Hüttig
Baki,Cakici
Sami,Brandt
Lis Lak,Risager
Søren,Brunsgaard
Halfdan Hauch,Jensen
Ann-Sofie,Eskildsen
Patryk,Jon
Natalie Fialho,Kierulf
Lisbeth,Figge
Sunniva,Sandbukt
Jacob Mathias,Schreiner
Jonas Valbjørn,Andersen
Pinar,Tözün
Rasmus,Balle
Carolina,Velasco
Simy Kaur,Gahoonia
Leon,Derczynski
Radu-Cristian,Curticapean
Thomas Charles,Rohleder
Irene,Thisted Larsen
Barbara,Plank
Willard,Rafnsson
Henning,í Grund Bøgesvang
Malene,Fagerberg
Annette,Nørballe
Michele,Coscia
Mircea,Lungu
Oliver,Krancher
Bertil Johannes,Ipsen
Djordje,Grbic
Anne-Sophie Worm,Hansen
Hasib,Ahsan
Morten Roed,Frederiksen
Nanna,Inie
Mai,Hartmann
Omar Shahbaz,Khan
Payam,Zahadat
Bernardo Machado,David
Sebastian,Büttrich
Christian,Moikjær
Laura Ahlquist,Jensen
Halfdan,Mouritzen
Olivia Thomassen,Harre
Cancan,Wang
Helle,Martens
Tom,Jenkins
Michael,Szell
Priscila Santos da,Costa
Roberta,Sinatra
Lara,Tatjana Reime
Mahsa,Varshosaz
Oksana,Kulyk
Jichen,Zhu
Sidsel Küsch,Nørmark
Konstantinos,Floros
Katrine Meldgaard,Kjær
Kiril Krasimirov,Boyanov
Morten Tychsen,Clausen
Holger,Dell
Kimie Rose,Serup
Maia,Eilstrup
Christoph,Seidl
Katinka Amalie,Schyberg
Elda,Paja
Raúl,Pardo Jimenez
Christian,Sivertsen
Stella,Grasshof
Sif Dam,Sonniks
Rob van der,Goot
Maria,Bordorff
Kirsten,Astrup
Lena,Kühn
Jonas,Rosenberg
Holly,Logan
Imke,Grabe
Marija,Stepanovic
Nanna,Sidelmann
Therese,Graversen
Nanna,Bagge
Kaspar Bredahl,Rasmussen
Elias,Najarro
Jessamy,Perriam
Henrik,Larsen
Corinna,Nisi
Thomas Tyge,Andersen
Vibeke,Smits
Katja Sara Pape,de Neergaard
Mikala,Hansbøl
Bayram,Sülük
Jesper Büttner,Olesen
Kristian Nørgaard,Jensen
Maria Sinziiana,Astefanoaei
Vedran,Sekara
Vlad,Gîdea
Anaya Mourad,Jensen
Maria Jung,Barrett
Melanie Duckert,Schmidt
Asger Balle,Pedersen
Joachim Winther,Pedersen
Louise,Sørensen
David,Sasu
Christian Janos,Lebeda
Katrine Drachmann,Strawbridge
Mike Hyslop,Graham
Rasmus Carl,Rønneberg
Cecilie Krogh,Hjersing
Ea,Larsen
Ditte Nygaard,Rasmussen
Maximilian,Müller-Eberstein
Mike,Zhang
Adrian,Hoff
Maria Bendix,Mikkelsen
Dennis Thomas,Ulmer
Elisa,Bassignana
Frederik Gabriel,Jørgensen
Qiuyu,Jiang
Otto Stadel,Clausen
Camilla Vesterberg,Christensen
Qamar Un Nisa,Sahibzada
Ieva,Daukantas
Christian,Hardmeier
Shyam,Sudhakaran
Luca Maria,Aiello
Veronika,Cheplygina
Melissa Høegh,Marcher
Julian Charles Philip,Priest
Siyan,Li
Merethe Riggelsen,Gjørding
Søren,Knudsen
Paw Saabye,Pedersen
Ida,Thrane
Jeppe Kilberg,Møller
Magnus,Ibh
Laura,Weihl
Jonas Haugaard,Jensen
Kirstine,Dahl
Kasper Hjort,Berthelsen
Julianne,Hughes
Frederik,Haagensen
Emil,Budtz-Jørgensen
Claire,Glanois
Aske,Mottelson
Bent,Flyvbjerg
Dovile,Juodelyte
Lottie Rosamund,Greenwood
Mahya Mohammadi,Kashani
Sergio Daniel,Quijano
Emily Louisa Laue,Christensen
Matas,Sabalas
Maaike Annebet,Zwart
Nutan,Limaye
Titus Theodorus (Ties),Robroek
Stefan,Heinrich
Jakob,Tonn-Petersen
Linea Oxholm,Larsen
Dawit,Tirore
Ehsan,Yousefzadeh-Asl-Miandoab
Luis Alfredo Landa,Mariaca
Meisam Jamshidi,Seikavandi
Mohsen,Ghaffari
Sandro,Sousa
Dina Friberg,Larsen
Pernille,Hvalsøe
Leon Y.,Xiao
Paloma Thomé de,Lima
Robert,Bayer
Ane Rahbek,Vierø
Cecilie Caroline,Falch
Louise Meier,Carlsen
Carsten Lund,Pedersen
Jaike van,Twiller
Stine Lund,Wesselhoff
Kristian Holm,Hansen
Riddhi,Raj
Henriette,Friis
Lukas,Retschmeier
Alberte Kjær,Wærens
Wioletta,Giuza
Daniel,Fürstenau
Eleni Tzirita,Zacharatou
Peter,Kun
Sebastian Mateos,Nicolajsen
Luna,Rasmussen
Amelia Jiménez,Sánchez
Nikolaj Krebs,Pedersen
Anna,Brynskov
Jon,Aaen
Thomas Vase Schultz,Volden
Per Bruun,Brockhoff
Elisa,Mekler
Olga,Iarygina
Piyakorn,Koowattanataworn
Philip,Sønderberg
Hanna,Vágsheyg
Laurits,Dixen
Camilla Birch,Okkels
Luigi,Arminio
Carsten,Jørgensen
Arianna,Pera
Nicolas Hugo,Bessone
Toine,Bogers
Roosa,Piitulainen
Jan Benjamin,Vornhagen
Zoi,Kaoudi
Yannick Elmar,Schürmann
Camille,Rønn
Feng,Feng
Daniel,Bennett
Thomas Flodgaard,Kaufmanas
David-Levente,Kovacs
Anna,Rogers
Erwan,Plantec
Lucia Montesinos,Garcia
Milton Llera,Montero
Markus Krabbe,Larsen
Anders Giovanni,Møller
Thomas,Binder
Andreas,Björklund
Alena,Thiel
Kai,Budrikas
Wei,Guo
Eleni,Nisioti
Martin Lund,Trinhammer
Amir,Nikabadi
Raquel,Robinson
Yucheng,Lu
Christine Borgvold Naaby,Hansen
Ingrid Jakobi Wolff,Madsen
Anders Weile,Larsen
Martin Abildgaard,Padalak
Pratik Suresh,Ingle
Bailey,Dacre
Christina Frederikke,Nissen
Felipe Silva,Figueiredo
Peter Brunsgaard,Trolle
Justyna,Starostka
Rahul Bangalore,Satish
Willem Lennert Antoon van der,Maden
Tobias,Pedersen
Louie Søs,Meyer
Karl,Werder
Clément,Sebastiao
Kamila Anna,Dzierzak
Mesut,Kaya
Nicklas Engelbrecht,Ravn
Timothée François Nathan,Anne
Safra Aurora Noelle,Martinussen
Raha,Asadi
Raquel Andrade Barros,Ouriques
Xenofon,Karakonstantis
Arturo Valdivia,Martinez
Mylène,Tanferri
Fioralba,Ajazi
Lene,Rehder
Prateek,Dwivedi
Ratish Surendran,Puduppully
Harshit,Harshit
Doga Buse,Cavdir
Silke Sofie Holme,Bonnén
Martin,Hentschel
Tomasz,Chwalek
Nicola Bjerg,Ens
Johanna Christine Larby,Lithén
Jonas,Juul
Mark Staun,Poulsen
Luiza Ribeiro,Marnet
Claudia,Acciai
Magnus Rahbek Dalgaard,Hansen
Juri,Petersen
Xiao,Li
Anna-Mamusu,Wehlitz
Bertram,Højer
Andreas Geert Motzfeldt,Jensen
Kara,Oehler
Aref,Moradi
Leo,Vitasovic
Alessia,Galdeman
Caroline Costa da Silva,Gaudeoso
Eduard,Kamburjan
Pelin,Karaturhan
Christina Staun,Biangslev
Morten Ib Kjærgaard,Munk
Sebastian,Vissing Clausen
Anders,Schaumann
Olaya Alvarez,Tunon
Shivansh,Ajmani
Jakob Grue,Simonsen
Nikolaos,Salamanos
Marcello,Barylli
Anne Sofie Gammelgaard,Gregersen
David,Struthers
Martin,Mitrovic
Alexander Theodor Bilde,Pedersen
Luís,Cruz-Filipe
Frauke Tom H,Mennes
Ricardo Jose Menezes,Maia
Christos-Evangelos,Lampropoulos
Inna,Ermilova
Alejandro Lorite,Mora
Daniel,Nickelsen
Tim Frederik,Seppelt
Simona,Mancusi
Amelie,Wührl
Aycan,Aslan
Megan Lynn,Maurer
Sarita de,Berg
Mattes,Ruckdeschel
Anders,Rasmussen
Yueran,Tian
Nicholas,Hansen
Ola,Rønning
Ivor van der,Hoog
Manon Brigitte,Blanc
Ida Marie,Schrøder
Kathrin,Korte
Nikolaos,Vitsakis
Stine Loft,Rasmussen
Juliette Marie Victoire,Vlieghe
Eva,Rotenberg
Ask Greve,Johansen
Maya,Acharya
Sergei,Stepanenko
Théo,Sourget
Johannes Gabriel,Sindlinger
Lasse Sascha Stefan,Wulf
Mikhail,Fiadotau
Johanne Müller,Vistisen
Sven Matthias,Peldszus
Jens Birk,Andersen
Dooley Joel,Murphy
Eszter,Vigh
Anna Elisabeth Østergaard,Hjortdal
Ramya,Rao
Rasmus,Ronneberg
Bergdís Ester,Gísladóttir
Willem Jan,Pieterson
Sofía,Guridi
Michele De,Cillis
Valerio,Siniscalco
Zhuojun,Gu
Ditte,Bjerregaard
Anders Aagaard,Kristensen
Maria Florencia,Langa
Mia Sikker,Thastum
Mafalda,Samuelsson-Gamboa
Elisabetta,Salvai
Burak,Özdemir
Marc,Peral
Kevin Marín,Rubio
Anton,Ekman-Thorgaard
Tanya Isabell Signe Rudberg,Selin
Daniel Verdi do,Amarante
Yuliia Storm,Larsen
Sigrid,Lind
Lasse Lund Sten,Jensen
Oscar Wiberg,Friisgaard
Daniela,Gallo
Oscar William,Kankanranta
Marco,Tonin
Alessandro,Ariis
Gusts Gustavs,Grinbergs
Erfan Samieyan,Sahneh
Caroline Rosenberg,Antonsen
Martin Møller Djervil,Bech
Frederikke Uldahl,Martensen
Gianmarco,Tedeschi
Edoardo,Maggioni
Sanja,Cejvanovic
Thomas,Murphy
Tim Sehested,Poulsen
Damiano,Orlandi
Antonia-Bianca,Zserai
Stian,Sivertsgård
Ida Marie,Iversen
Pranabendu,Misra
Ulrik Vincent Østergaard,Bertelsen
Farley,Nobre
Beatrix Miranda Ginn,Nielsen
Ralf,Raumanns
Jan,Elfes
Anar,Yeginbergenova
Yili,Ge
David,Prochazka
Jacob Aarup,Dalsgaard
Katharina Anastasia Iniakhina,Schmidt
Lasse Buschmann,Alsbirk
Nikolaj Munk Binder,Jensen
Rasmus,Lystrøm
Nils Cornelius,Grünefeld
Arzu Burcu,Güven
Hanna Dana,Stokes
Markus Løfgren,Elvig
Daniel Peter,Rutschmann
Srikanth,Tiyyagura
Johanne Aarup,Hansen
Anette,Broløs
Noah Brunken,Syrkis
Erica,Manca
Barbora,Matejova
Turjja,Datta
Emil,Radosavljevic
Frederik Max,Grøn
Ellen Yue,Daetz
Mads Dalgaard,Andersen
Elisabeth Broe,Christensen
Steffen,Löfvall
Stefano,Vincenti
Reyes Torrubia,Sanz
Mads Sejer,Pedersen
Tobias Worm,Bøgedal
Jacobus,Conradi
Sara,Savani
Roan,Schellingerhout
Manuel,Knepper
Signe Louise,Yndigegn
Yuta,Moroi
Vinit,Ravishankar
Raffaello,Mastromarino
Luca,Gallo
Mathias Tinghøj,Tulinius
Florian,Meier
Kevin,Hermann
Steen Lund,Holbek
Morten Rahbæk,Boilesen
Niclas,Classen
Mihaela Yurieva,Hristova
Vincenzo,Carandente
Fatemeh,Vatani
Debasmita,Lohar
Kristina,Andersen
Rune,Saugmann
Anika,Schröder
Hjalte Erlang,Treebak
Victor Bloch Daugaard,Hansen
Alessandro,Valerio
Mads,Høpner
Weronika,Mlotkowska
Francisca,Kanstrup
Emilia,Helsted
Giulia,Curtolo
Marion,Meyers
Bergur,Davidsen
Zahra Abdus,Samad
Sara Pissarra Gouveia,Vieira
Alexandra,Ghizdareanu
Axel,Døring
Apostolos,Draganis
Sigurd Viktor,Bjerager
Stine,Derror
Milja,Hildigunnsdottir
Tom Jonas,Kordes
Gabija,Makutenaite
Niklas,Christensen
Abdulrahman,Mohsen
Annam Bashir,Chaudhry
Victor Hvid,Troelsen
Catalina-Elena,Popovici
Nicolai,Seloy
Amanda Reiff Kirkegaard,Nathan
Mariia,Zviahintseva
Felicia,Sørensen
Jonathan,Opitz
Marius,Salcutan
Lucía,Gómez Zaragozá
Søren,Kastrup
Mohamed Karam,Haybout
Babette,Bækgaard
Villads,Emil
Rebecca,Schneider
Jacques Høyberg Puvis de,Chavannes
Oleg,Jarma
Luca Bjørn,Larsen
Halfdan,Brage
Daria,Pietruczynik
Louise Holst,Andersen
Philip,Quorning
Noah van,Wagenen
Thomas,Deis-Christensen
Kristóf,Lénárd
Adam,Sweilem
Zhipeng,Zhao
Jakub,Gasior
Anastasiia,Sedova
Vincent,Molenaar
Filippos,Moumtzidellis
Anna Sophie Jul,Eilersen
Sebastian,Rosenkvist
Allan,Petersen
Emma Capion,Avnbøl
Laura Benthin,Hansen
Hiep,Cao
Danyal,Yorulmaz
Johanna,Reuter
Jacob Liam,Curran-Sebastian
Eliza,Niedzielski
Philip,Mørch
Ida Hagemann,Jensen
Christian,Ainis
Thomas,Vallier
Marcus Andreas,Aandahl
Matthias,Nielsen
Line,Larsen
Amna,Abdullah
August Leander,Hedman
Jacob Møller,Jensen
Oliver Flinck,Sheye
Lasse Faurby,Klausen
Sofie,Spiegelhauer
Christine,Nampeera
Mads Christian Ørskov,Koldenborg
Kira,Szallai
Andrej,Alfirevic
Johan Hausted,Schmidt
Sehar,Shafique
Manuela,Widmer
Jan van,Waaij
Nanna,Plougmand
Stavros,Alfieris
Frida,Laustsen
Veronika,Kovacicova
Seyda Begum,Ersoz
Gabriela,Zhelyazkova
Pietro,Rebecchi
Thomas Sandahl,Christensen
Nikolaj Munk Binder,Jensen
Inga Kristin,Wohlert
Pavlos,Chatzipolakis
Udbela Escanero,Xi
Victoria,Popa
Michelle,Kranot
Hongyu,Wu
Alessio,Coltellacci
Paul Louis Franz,Huber
Elias Gilling,Borgmann
Test Ansat Testesen,Tester
Line Falkensten,Ekdahl
Susanna Carmen,Caruso
Jutta,Haider
Juan Pablo,Fonseca-Zamora
Roberto,Passaro
Ana Garcia,Quintana
Riccardo Roberto,Basilone
Niels Inselmann,Christiansen
Florence Claire Smith,Nicholls
Derguene,Mbaye
Tommaso,Calò
Usama,Saqib
Jacob Kildegaard,Larsen
Zarina,Rafgatova
Natasja,Bjørklund
Andy,Percuccon
Julián Alejandro Gutiérrez,Carrera
Jonas,Waaben
Harshith Kumar,Malkapuram Bheemesh Kumar
Marco,Pernarella
Marco,Stranisci
