courseId,keywordId
0,55
0,266
1,55
1,242
2,55
2,242
3,30
3,55
4,55
5,55
6,55
7,55
8,55
9,55
10,30
10,55
10,809
10,1183
10,3900
11,30
11,55
11,809
11,1183
11,3900
12,55
12,1194
12,2671
12,4914
12,4918
12,8138
13,55
13,1194
13,2671
13,4914
13,4918
13,8138
14,2
14,262
14,2288
15,50
15,102
15,429
15,4361
15,5897
15,7542
16,51
16,4472
17,51
17,4472
18,51
18,4472
19,51
19,4472
20,51
20,4472
21,51
21,4472
22,51
22,4472
23,51
23,4472
23,4643
24,51
24,4472
24,4643
25,51
25,4472
25,4643
26,395
26,719
26,4472
27,395
27,719
27,4472
28,395
28,719
28,4472
29,395
29,719
29,1863
29,2568
29,4472
30,395
30,719
30,1863
30,2568
30,4472
31,395
31,719
31,1863
31,2568
31,4472
32,102
32,111
32,4472
33,102
33,111
33,4472
34,102
34,111
34,4472
35,102
35,111
35,4472
36,102
36,111
36,4472
37,102
37,111
37,4472
38,143
38,4319
38,4472
39,38
39,3462
39,4472
40,17
40,22
40,4472
41,17
41,22
41,49
41,394
41,4472
42,17
42,22
42,50
42,102
42,4472
43,50
43,204
43,4472
44,16
44,4472
45,16
45,4472
45,5897
46,16
46,4472
46,5897
47,16
47,4472
47,5897
48,16
48,4472
48,5897
49,16
49,4472
49,5897
50,16
50,4472
50,5897
51,16
51,4472
51,5897
52,16
52,124
52,708
52,1146
52,4472
53,16
53,124
53,708
53,1146
53,4472
53,5060
54,16
54,124
54,708
54,1146
54,4472
55,242
55,4472
56,242
56,4472
57,242
57,4472
58,242
58,4472
59,242
59,4472
60,242
60,4472
61,242
61,4472
62,30
62,4472
63,30
63,4472
64,30
64,4472
65,30
65,4472
66,30
66,4472
67,30
67,4472
68,30
68,4472
69,38
69,201
69,4472
70,21
70,35
70,4472
71,21
71,35
71,4472
72,21
72,35
72,4472
73,21
73,35
73,4472
74,21
74,35
74,4472
75,21
75,35
75,4472
76,35
76,36
76,4472
77,35
77,36
77,4472
78,35
78,36
78,4472
79,35
79,36
79,4472
80,35
80,36
80,4472
81,35
81,36
81,124
81,708
81,1146
81,4472
82,35
82,36
82,124
82,708
82,1146
82,4472
83,35
83,36
83,124
83,708
83,1146
83,4472
84,126
84,143
84,4472
85,242
85,4472
86,38
86,1205
86,2264
87,4914
87,7710
87,8306
87,9367
88,4914
88,7710
88,8306
88,9367
89,4914
89,7710
89,8306
89,9367
90,4914
90,7710
90,8306
90,9367
91,38
91,370
92,38
92,370
93,38
93,370
94,38
94,370
94,3729
94,5897
95,38
95,370
96,38
96,370
97,38
97,370
97,4592
98,38
98,370
98,4592
99,38
99,370
99,429
100,38
100,370
100,429
101,38
101,370
101,429
102,38
102,370
102,5897
103,38
103,370
103,5060
103,5897
104,38
104,370
104,5897
105,38
105,370
105,5897
106,38
106,370
106,5897
107,38
107,370
107,5897
108,38
108,370
108,5897
109,38
109,370
109,5897
110,63
110,225
110,371
110,2182
111,225
111,693
111,3772
112,225
112,693
112,3772
113,225
113,693
113,3772
114,225
114,693
114,3772
115,225
115,693
115,3772
116,225
116,693
116,3772
117,225
117,693
117,3772
118,225
118,693
118,3772
119,51
119,102
119,549
120,51
120,102
120,549
121,51
121,102
121,549
122,51
122,102
122,549
123,51
123,102
123,549
124,51
124,102
124,549
125,51
125,102
125,549
125,2788
125,8830
126,51
126,102
126,549
127,51
127,102
127,549
128,51
128,102
128,549
129,51
129,102
129,549
130,51
130,102
130,549
131,51
131,102
131,549
132,51
132,102
132,549
132,3729
133,51
133,102
133,549
134,51
134,102
134,549
134,1402
135,51
135,102
135,549
135,1402
136,51
136,102
136,549
136,1402
137,51
137,102
137,549
137,1402
138,51
138,102
138,549
139,51
139,102
139,549
140,51
140,102
140,549
141,51
141,102
141,549
142,51
142,102
142,549
143,51
143,102
143,549
144,51
144,102
144,549
144,1402
145,51
145,102
145,549
145,1402
146,51
146,102
146,549
146,1402
147,51
147,102
147,549
147,1402
148,51
148,102
148,549
149,44
149,51
149,143
150,44
150,51
150,149
151,51
151,149
152,3452
152,4914
152,9338
153,4914
153,9338
154,4914
154,9338
155,4914
155,9338
156,4914
156,9338
157,21
157,35
157,38
157,386
158,21
158,35
158,38
158,386
159,21
159,35
159,38
159,386
160,21
160,35
160,38
160,386
161,21
161,35
161,38
161,386
162,21
162,35
162,38
162,386
163,21
163,35
163,38
163,386
164,21
164,35
164,38
164,386
165,21
165,35
165,38
165,386
166,21
166,35
166,38
166,386
167,21
167,35
167,38
167,386
168,21
168,35
168,38
168,386
169,21
169,35
169,38
169,386
170,44
170,1982
171,4914
172,4914
173,4914
174,4914
175,1146
175,4914
176,51
176,719
177,51
177,719
178,51
178,719
179,51
179,719
180,51
180,719
181,51
181,719
182,51
182,719
183,51
183,719
184,51
184,719
185,51
185,719
186,240
186,241
186,719
186,1402
187,240
187,241
187,719
187,1402
188,240
188,241
188,719
188,1402
189,240
189,241
189,719
189,1402
190,240
190,241
190,719
190,1402
191,240
191,241
191,719
191,3452
192,28
192,30
192,719
193,28
193,30
193,719
193,1402
194,28
194,30
194,719
194,1402
195,28
195,30
195,719
195,1402
196,28
196,30
196,719
196,1402
197,395
197,719
198,395
198,719
199,395
199,719
200,395
200,719
201,395
201,719
202,395
202,719
203,395
203,719
203,3452
204,28
204,30
204,719
205,240
205,241
205,4821
206,149
206,240
206,241
206,736
207,149
207,240
207,241
207,736
208,149
208,240
208,241
208,736
209,56
209,87
209,115
209,240
209,242
209,245
209,268
210,56
210,87
210,115
210,240
210,242
210,245
210,268
211,56
211,87
211,115
211,240
211,242
211,245
211,268
212,56
212,87
212,115
212,240
212,242
212,245
212,268
213,56
213,87
213,115
213,240
213,242
213,245
213,268
214,21
214,35
214,163
215,21
215,35
215,163
216,21
216,35
216,163
217,21
217,35
217,163
218,7502
219,7502
220,7502
221,7502
222,7502
223,7502
224,7502
225,7502
226,7502
227,7495
228,1883
228,2815
229,1883
229,2815
230,1883
230,2815
231,1883
231,2815
232,1883
232,2815
233,314
234,314
235,112
235,182
235,314
235,388
236,8
236,156
236,456
236,799
237,8
237,156
237,456
237,799
238,102
238,122
238,165
238,176
239,102
239,122
239,165
239,176
240,102
240,122
240,165
240,176
241,102
241,122
241,165
241,176
242,102
242,122
242,165
242,176
243,102
243,122
243,165
243,176
244,102
244,122
244,165
244,176
245,102
245,122
245,165
245,176
246,102
246,122
246,165
246,176
247,102
247,122
247,165
247,176
248,102
248,122
248,165
248,176
249,118
249,717
250,118
250,717
251,118
251,717
252,118
252,717
253,118
253,717
254,118
254,717
255,118
255,717
256,1003
257,1003
258,4737
259,4737
260,8254
261,8254
263,1711
263,5060
266,1711
266,6480
267,7709
268,7709
269,112
269,2691
270,6
270,7
270,112
270,424
271,6
271,112
271,168
271,424
272,6
272,112
272,168
272,424
273,6
273,112
273,168
273,424
274,6
274,112
274,168
274,424
275,112
275,266
275,769
276,112
276,266
276,769
277,112
277,266
277,429
277,769
278,112
278,266
278,429
278,769
279,112
279,122
280,112
280,122
281,112
281,122
281,2691
282,112
282,122
282,2691
283,112
283,122
283,2691
284,112
284,122
284,2691
285,112
285,122
285,2691
286,112
286,122
286,2691
287,112
287,122
287,2691
288,112
288,122
288,2691
289,112
289,122
289,2691
290,112
290,122
290,2691
291,112
291,1402
291,2691
291,8323
292,112
292,1402
292,2691
292,8323
293,112
293,1402
293,2691
293,8323
294,112
294,1402
294,2691
294,8323
295,112
295,1402
295,2691
295,8323
305,894
305,2455
306,11
306,122
307,11
307,122
308,99
308,894
309,127
309,168
309,188
310,188
311,1901
311,2562
312,102
312,579
312,4029
313,102
313,579
313,1402
313,4029
314,16
314,579
315,16
315,579
316,102
316,122
316,139
316,165
317,102
317,122
317,139
317,165
318,102
318,122
318,139
318,165
318,429
319,102
319,122
319,139
319,165
319,6482
320,102
320,122
320,139
320,165
320,6482
321,102
321,122
321,139
321,165
321,6482
322,102
322,122
322,139
322,165
322,6482
323,102
323,122
323,139
323,165
323,6482
324,102
324,122
324,139
324,165
324,6482
325,102
325,122
325,139
325,165
325,6482
326,123
326,139
327,63
327,102
327,139
328,21
328,102
328,139
329,111
329,139
329,429
330,111
330,139
330,429
331,111
331,139
331,4643
332,111
332,139
332,4643
333,30
333,111
333,139
333,429
334,30
334,111
334,139
334,4643
335,2
335,2835
335,3685
336,2
336,2835
336,3685
337,2
337,2835
337,3685
338,2
338,2835
338,3685
339,2
339,2835
339,3685
340,118
340,119
340,269
341,118
341,119
341,269
342,118
342,119
342,269
343,118
343,119
343,269
344,118
344,119
344,269
345,118
345,119
345,269
346,118
346,119
346,269
347,118
347,119
347,269
348,118
348,119
348,269
349,118
349,119
349,269
350,450
351,450
352,450
353,450
354,450
354,3452
355,122
355,591
355,3899
356,651
357,651
358,651
359,651
360,651
361,651
362,651
363,651
364,429
365,429
366,429
367,429
368,429
369,429
370,429
371,429
372,429
373,1958
373,4952
374,4952
376,50
376,319
376,2315
377,7255
379,4643
380,429
380,2788
380,8830
380,9259
381,429
381,1433
381,8830
381,9259
383,6480
384,38
384,102
385,38
385,102
386,38
386,102
387,38
387,102
388,102
388,241
389,102
389,122
390,102
390,122
391,102
391,122
392,102
392,418
393,102
393,418
394,102
394,418
395,102
395,418
396,102
396,418
397,102
397,418
398,102
398,418
399,102
399,418
399,3452
400,102
400,418
401,102
401,418
402,102
402,418
403,102
403,418
404,102
404,418
405,102
405,418
405,2788
405,8830
406,102
406,418
407,102
407,418
408,17
408,22
408,102
408,418
409,102
409,2034
409,2036
409,8737
410,102
410,2034
410,2036
410,8737
411,102
411,2034
411,2036
411,8737
412,50
412,102
412,149
413,50
413,102
413,149
413,418
414,50
414,102
414,2452
415,50
415,102
415,2452
416,50
416,102
416,2452
417,50
417,102
417,2452
418,28
418,50
418,102
418,445
418,1432
418,2452
419,35
419,36
419,50
419,102
419,2452
420,50
420,70
420,102
420,112
420,136
421,50
421,70
421,102
421,112
421,136
422,50
422,70
422,102
422,112
422,136
423,50
423,70
423,102
423,112
423,136
424,50
424,70
424,102
424,112
424,136
425,50
425,70
425,102
425,112
425,136
426,50
426,70
426,102
426,112
426,136
427,50
427,70
427,102
427,112
427,136
428,50
428,70
428,102
428,112
428,136
428,1003
428,3452
428,8830
429,38
429,102
429,4029
430,38
430,102
430,4029
431,82
431,102
431,352
431,405
431,4029
432,82
432,102
432,352
432,405
432,4029
433,82
433,102
433,352
433,405
433,4029
434,82
434,102
434,352
434,405
434,4029
435,82
435,102
435,352
435,405
435,4029
436,82
436,102
436,352
436,405
436,4029
437,82
437,102
437,352
437,405
437,4029
438,82
438,102
438,352
438,405
438,4029
439,38
439,102
440,102
440,2686
441,102
441,2686
442,102
442,2686
443,102
443,2686
444,102
444,2686
445,83
445,102
445,424
445,2925
446,83
446,102
446,424
446,2925
447,83
447,102
447,424
447,2925
448,83
448,102
448,424
448,2925
449,38
449,44
449,82
449,102
450,38
450,44
450,82
450,102
451,38
451,44
451,82
451,102
452,38
452,44
452,82
452,102
453,38
453,44
453,82
453,102
454,38
454,44
454,82
454,102
455,38
455,44
455,82
455,102
456,38
456,44
456,82
456,102
457,30
457,82
457,102
458,63
458,102
458,628
459,63
459,102
459,628
460,63
460,102
460,628
461,63
461,102
461,628
462,28
462,111
462,1958
462,2691
463,331
463,1300
464,22
464,149
464,512
464,736
465,38
465,2455
466,38
466,2455
467,38
467,2455
468,38
468,2455
469,38
469,2455
470,38
470,2455
471,38
471,2455
472,8
472,38
472,224
472,262
473,8
473,38
473,224
473,262
474,8
474,38
474,224
474,262
475,8
475,38
475,224
475,262
476,8
476,38
476,224
476,262
477,8
477,38
477,224
477,262
477,4592
478,38
478,4914
478,8596
479,38
479,2455
479,4914
480,38
480,2455
480,4914
481,38
481,8598
482,38
482,5199
482,8598
483,38
483,5199
483,8598
484,38
484,4592
484,5199
484,8598
485,38
485,4914
485,7708
485,8598
486,38
486,4914
486,7708
486,8598
487,38
487,4914
487,7708
487,8598
488,38
488,4914
488,7708
488,8598
489,38
489,83
489,112
489,435
489,629
490,38
490,83
490,112
490,435
490,629
491,222
492,222
493,39
493,43
493,668
493,1602
494,39
494,43
494,668
494,1602
495,39
495,43
495,668
495,1602
496,39
496,43
496,668
496,1602
497,39
497,43
497,668
497,1602
498,8
498,39
498,57
499,8
499,39
499,57
500,8
500,39
500,57
501,8
501,39
501,57
502,8
502,39
502,57
503,8
503,39
503,57
504,8
504,39
504,57
505,8
505,39
505,57
506,8
506,39
506,57
507,8
507,39
507,57
508,8
508,39
508,57
509,39
509,919
510,39
510,919
511,39
511,919
512,39
512,919
513,39
513,919
514,39
514,919
515,39
515,919
516,39
516,274
516,1998
516,2455
516,6480
517,39
517,274
517,1998
518,39
518,274
518,1998
519,39
519,274
519,1998
520,39
520,461
520,710
521,35
521,178
521,497
521,572
522,35
522,178
522,497
522,572
523,35
523,178
523,497
523,572
524,35
524,178
524,497
524,572
525,35
525,178
525,497
525,572
526,35
526,178
526,497
526,572
527,35
527,178
527,497
527,572
528,35
528,178
528,497
528,572
529,35
529,178
529,497
529,572
530,35
530,178
530,497
530,572
531,35
531,178
531,497
531,572
532,35
532,178
532,497
532,572
533,35
533,178
533,497
533,572
533,830
533,1003
533,8219
533,8830
534,35
534,178
534,497
534,572
535,35
535,178
535,497
535,572
536,35
536,178
536,497
536,572
537,8
537,2182
538,8
538,2182
539,8
539,429
539,2182
540,8
540,233
541,8
541,112
541,113
542,8
542,112
542,113
543,8
543,11
543,122
544,8
544,11
544,122
545,8
545,11
545,122
546,8
546,11
546,122
547,8
547,129
547,142
548,8
548,129
548,142
549,8
549,129
549,142
550,8
550,7242
551,8
551,21
551,102
552,8
552,21
552,102
553,8
553,21
553,102
554,8
554,21
554,102
555,8
555,21
555,102
556,8
556,21
556,102
557,8
557,130
557,134
558,8
558,130
558,134
559,8
559,130
559,134
560,8
560,130
560,134
561,8
561,130
561,134
562,8
562,70
562,130
562,134
562,229
563,8
563,70
563,130
563,134
563,229
564,8
564,38
564,77
564,274
564,2691
565,8
565,38
565,77
565,274
565,2691
566,8
566,38
566,77
566,274
566,2691
567,8
567,38
567,77
567,274
567,2691
568,8
568,38
568,77
568,274
568,2691
569,8
569,38
569,77
569,274
569,2691
570,8
570,38
570,77
570,274
570,2691
571,8
571,717
572,8
572,222
572,229
573,8
573,340
573,919
574,8
574,21
574,129
575,8
575,129
575,262
576,8
576,129
576,262
577,8
577,129
577,262
578,8
578,129
578,262
579,8
579,129
579,262
580,8
580,129
580,262
580,4592
581,8
581,129
581,262
581,4592
582,8
582,302
582,335
583,8
583,302
583,335
584,8
584,302
584,335
585,8
585,302
585,335
586,8
586,302
586,335
586,1402
587,8
587,302
587,335
587,1402
588,8
588,302
588,335
588,1402
589,8
589,302
589,335
589,1402
590,8
590,224
591,8
591,224
592,8
592,224
592,3452
593,8
593,7303
594,8
594,4592
594,7303
595,8
595,77
595,3614
596,8
596,77
596,3614
597,8
597,77
597,3614
598,8
598,112
598,113
598,182
598,481
599,8
599,112
599,113
599,182
599,481
600,8
600,112
600,113
600,182
600,429
600,481
601,8
601,11
601,335
602,8
602,222
603,8
603,222
604,8
604,222
605,8
605,222
606,8
606,222
607,8
607,222
608,8
608,222
609,8
609,222
610,8
610,222
611,8
611,222
611,4592
612,8
612,222
612,4918
613,8
613,4914
613,7495
614,8
614,4914
614,7495
615,8
615,4914
615,5680
616,8
616,4914
616,5680
617,8
617,4914
617,5680
618,8
618,4914
618,5680
619,8
619,4914
619,5680
620,8
620,4914
620,5680
621,8
621,4914
621,5680
622,8
622,4914
622,5680
623,8
623,8138
624,8
625,8
625,7311
626,8
626,7311
627,8
627,4592
627,7311
628,8
628,112
628,113
628,182
628,481
629,8
629,112
629,113
629,182
629,429
629,481
630,8
630,7034
631,8
631,7034
632,8
632,335
632,4914
633,5199
634,213
634,237
634,335
634,377
635,213
635,237
635,335
635,377
636,213
636,237
636,335
636,377
637,5661
637,5686
638,5661
638,5686
639,5661
639,5686
640,5661
640,5686
641,5661
641,5686
642,5661
642,5686
643,5661
643,5686
644,4914
644,8139
645,4914
645,8139
646,4914
646,8139
647,4914
647,8139
648,4914
648,8139
649,4914
650,4914
651,4914
652,4914
653,4914
654,4914
655,642
655,4084
655,8383
656,642
656,4084
656,8383
657,642
657,4084
657,8383
658,642
658,4084
658,8383
659,642
659,4084
659,8383
660,642
660,4084
660,8383
661,642
661,4084
661,8383
662,111
662,117
663,111
663,117
664,111
664,117
665,111
665,117
666,111
666,117
667,111
667,117
668,111
668,117
669,111
669,117
670,111
670,117
671,111
671,117
672,111
672,117
673,65
673,652
673,1818
674,65
674,652
674,1818
675,65
675,652
675,1818
675,2788
675,8830
677,111
677,388
677,401
677,422
678,28
678,111
678,122
678,388
679,228
679,1402
680,112
680,228
680,993
681,112
681,228
681,993
682,112
682,228
682,993
683,112
683,228
683,993
684,112
684,228
684,993
684,3452
685,112
685,228
685,993
685,1433
685,3452
685,8830
686,112
686,228
686,993
686,3452
687,112
687,228
687,993
687,1433
687,3452
688,271
688,499
689,271
689,499
691,367
691,368
692,367
692,368
693,367
693,368
694,367
694,368
695,367
695,368
696,367
696,368
697,367
697,368
698,122
698,530
698,2056
699,122
699,530
699,2056
700,122
700,530
700,2056
701,122
701,530
701,2056
702,8138
703,8138
704,38
704,229
704,582
704,1402
705,38
705,4918
706,769
706,4914
707,123
707,642
707,2691
707,4084
708,55
708,143
708,2691
709,55
709,143
709,2691
710,55
710,143
710,2691
711,55
711,143
711,2691
712,55
712,143
712,2691
713,57
713,149
713,2691
714,57
714,149
714,2691
715,57
715,149
715,2691
716,57
716,149
716,2691
717,718
717,2691
718,718
718,2691
719,718
719,2691
720,155
720,2363
720,2850
721,155
721,2363
721,2850
722,155
722,2363
722,2850
723,155
723,2363
723,2850
724,155
724,2363
724,2850
725,155
725,2363
725,2850
726,155
726,2363
726,2850
727,155
727,2363
727,2850
728,155
728,2363
728,2850
729,155
729,2363
729,2850
730,155
730,2363
730,2850
731,155
731,2363
731,2850
732,155
732,2363
732,2850
733,3044
733,8141
734,3044
734,8141
735,3044
735,8141
736,3044
736,8141
737,3044
737,8141
738,3044
738,8141
739,3044
739,8141
741,56
741,143
741,1348
741,1773
742,56
742,143
742,1348
742,1773
743,56
743,143
743,1348
743,1773
744,16
744,153
745,16
745,153
746,16
746,153
747,16
747,153
748,16
748,153
749,16
749,153
750,16
750,153
751,16
751,153
752,16
752,153
753,16
753,153
754,16
754,153
755,16
755,153
756,16
756,153
757,16
757,153
758,16
758,153
759,16
759,153
760,16
760,153
761,1730
761,4914
762,1730
762,4914
763,1730
763,4914
764,16
764,143
765,16
765,143
766,16
766,143
767,16
767,143
768,16
768,143
769,16
769,143
770,16
770,143
771,16
771,143
772,16
772,143
773,143
773,429
774,142
774,149
775,43
775,70
775,149
776,50
776,102
776,709
777,50
777,102
777,709
778,50
778,102
778,709
779,50
779,102
779,709
780,50
780,102
780,709
781,48
782,48
783,48
783,122
783,429
784,48
784,122
784,429
785,48
785,122
785,429
786,48
786,122
786,429
787,48
787,122
787,429
788,48
788,122
788,429
789,48
789,122
789,429
790,48
790,122
790,429
791,48
791,122
791,429
792,48
792,122
792,429
793,48
793,122
793,429
794,48
794,122
794,429
795,48
795,122
795,429
795,3452
796,35
796,44
796,48
797,35
797,44
797,48
797,1711
798,48
799,48
800,48
801,48
802,48
803,48
804,48
805,16
805,1348
806,16
806,143
806,765
806,4858
807,102
807,111
809,1402
810,1402
811,1402
812,1402
813,1402
814,1402
815,1402
816,284
817,284
818,284
819,284
823,122
823,429
823,981
824,6
824,112
824,168
825,6
825,112
825,168
826,6
826,112
826,168
827,6
827,112
827,168
828,6
828,112
828,168
829,6
829,112
829,168
830,757
830,1753
830,3452
831,757
831,1753
832,757
832,1753
833,757
833,1753
834,757
834,1753
835,757
835,1753
835,3452
836,757
836,1753
837,757
837,1753
838,757
838,1753
839,757
839,1753
840,757
840,1753
840,3452
841,229
841,308
841,950
842,4914
842,7827
843,4914
843,7827
844,100
844,142
845,100
845,142
846,100
846,142
847,100
847,142
848,100
848,142
849,100
849,142
850,100
850,142
851,100
851,142
852,100
852,142
853,100
853,142
854,100
854,142
855,100
855,142
856,100
856,142
857,122
857,1111
857,5620
858,122
858,1111
858,5620
859,122
859,1111
859,5620
860,122
860,1111
860,5620
861,122
861,1111
861,5620
862,122
862,1111
862,5620
863,122
863,1111
863,5620
864,122
864,1111
864,5620
865,122
865,1111
865,5620
866,122
866,1111
866,5620
867,11
867,122
867,5620
868,809
868,864
868,6459
869,429
869,809
869,864
869,6459
870,6
870,7
871,4914
871,8138
872,4914
872,8138
873,4914
873,8138
874,4914
874,8138
875,4914
875,8138
876,4914
876,8138
877,4914
877,8138
878,4914
878,6451
878,7708
879,4914
879,6451
879,7708
880,4914
880,6451
880,7708
881,4914
881,6451
881,7708
882,4914
882,6451
882,7708
883,4914
883,6451
883,7708
884,3044
884,6717
884,8737
885,429
885,1146
885,2474
885,6717
885,8737
886,2034
886,8737
887,429
887,6717
887,8737
888,6717
888,8737
889,991
889,1146
889,1184
889,1240
889,2788
889,8830
890,991
890,1146
890,1184
890,1240
891,991
891,1146
891,1184
891,1240
892,991
892,1146
892,1184
892,1240
893,991
893,1146
893,1184
893,1240
894,991
894,1146
894,1184
894,1240
895,991
895,1146
895,1184
895,1240
896,991
896,1146
896,1184
896,1240
897,35
897,36
897,991
898,4
898,2481
899,48
899,112
899,228
899,1514
900,48
900,112
900,228
900,1514
901,48
901,112
901,228
901,1514
902,48
902,112
902,228
902,1514
903,48
903,112
903,222
903,228
903,1514
904,44
904,222
904,1773
905,44
905,222
905,1773
906,222
906,228
907,136
907,182
907,222
908,136
908,182
908,222
909,136
909,182
909,222
910,136
910,182
910,222
911,136
911,182
911,222
912,26
912,38
912,768
912,875
913,658
913,4914
914,658
914,4914
915,658
915,4914
916,658
916,4914
917,658
917,4914
918,658
918,4914
919,658
919,4914
920,658
920,4914
921,658
921,4914
922,4914
923,456
923,457
924,456
924,457
925,456
925,457
926,456
926,457
927,456
927,457
928,456
928,457
929,456
929,457
930,456
930,457
931,7710
932,1146
932,7710
932,8598
933,1146
933,7710
933,8598
934,1146
934,7710
934,8598
935,1146
935,7710
935,8598
936,240
936,241
937,240
937,241
938,240
938,241
939,240
939,241
940,240
940,241
941,240
941,241
942,240
942,241
943,240
943,241
944,240
944,241
945,240
945,241
946,240
946,241
947,1372
947,2636
948,50
948,102
949,16
949,50
949,102
950,16
950,50
950,102
951,16
951,50
951,102
952,16
952,50
952,102
953,16
953,50
953,102
954,16
954,50
954,102
955,16
955,50
955,102
956,16
956,50
956,102
957,16
957,50
957,102
958,38
958,1958
959,38
959,1958
960,38
960,1958
961,38
961,1958
962,38
962,1958
963,38
963,1958
964,38
964,1958
965,38
965,1958
965,3729
965,8383
966,111
966,1958
967,111
967,1958
967,8383
968,111
968,1958
968,8383
969,111
969,1958
969,8383
970,111
970,1958
970,8383
971,111
971,1958
971,8383
972,111
972,1958
972,8383
973,111
973,1958
973,8383
974,111
974,1958
974,8383
975,111
975,1958
975,8383
976,111
976,1958
976,8383
977,111
977,1958
977,8383
978,111
978,1958
979,111
979,1958
980,111
980,1958
981,111
981,1958
982,111
982,1958
983,111
983,1958
984,111
984,1958
985,111
985,1958
986,111
986,1958
987,111
987,1958
988,111
988,1958
989,20
989,21
989,1348
990,20
990,21
990,1348
991,20
991,21
991,1348
992,17
992,20
992,21
992,22
993,17
993,20
993,21
993,22
994,17
994,20
994,21
994,22
995,17
995,20
995,21
995,22
996,17
996,20
996,21
996,22
996,2788
996,8830
997,17
997,20
997,21
997,22
998,17
998,20
998,21
998,22
999,17
999,20
999,21
999,22
1000,894
1000,3044
1001,17
1001,22
1002,17
1002,22
1003,17
1003,22
1004,17
1004,22
1005,17
1005,22
1006,17
1006,22
1007,17
1007,22
1008,16
1009,16
1010,16
1010,5060
1010,6480
1011,16
1012,16
1013,16
1014,16
1015,16
1016,16
1017,16
1018,16
1019,16
1020,30
1021,30
1022,30
1023,38
1023,201
1023,2455
1023,6480
1024,38
1024,201
1025,38
1025,201
1026,38
1026,201
1027,38
1027,201
1028,38
1028,201
1029,38
1029,201
1030,38
1030,201
1031,38
1031,201
1032,38
1032,201
1033,38
1033,201
1034,38
1034,122
1034,201
1035,38
1035,122
1035,201
1036,38
1036,122
1036,201
1037,1399
1037,8737
1038,150
1038,401
1038,481
1039,507
1039,3199
1040,507
1040,3199
1041,507
1041,3199
1042,507
1042,3199
1043,16
1043,3199
1044,16
1044,3199
1045,16
1045,3199
1046,16
1046,3199
1047,16
1047,3199
1048,16
1048,3199
1049,16
1049,3199
1050,16
1050,3199
1051,16
1051,3199
1052,16
1052,3199
1053,16
1053,3199
1054,16
1054,3199
1055,16
1055,3199
1056,16
1056,3199
1057,16
1057,3199
1058,658
1058,2671
1058,4914
1058,5593
1058,8598
1059,4914
1059,7495
1060,4914
1060,7495
1061,4914
1061,7495
1062,4914
1062,7495
1063,4914
1063,7495
1064,8
1064,335
1064,2836
1065,8
1065,335
1065,2836
1066,8
1066,335
1066,2836
1067,8
1067,335
1067,2836
1068,8
1068,335
1068,2836
1068,4914
1069,4643
1069,7255
1070,4643
1070,7255
1071,4643
1071,7255
1072,4643
1072,7255
1073,4643
1073,7255
1074,4643
1074,7255
1075,7283
1076,7283
1077,8580
1078,8580
1079,4914
1079,7710
1079,9367
1080,4914
1080,7710
1080,9367
1081,4914
1081,7710
1081,9367
1082,4914
1082,7710
1082,9367
1083,4914
1083,7710
1083,9367
1084,4914
1084,7710
1084,9367
1085,4914
1085,7710
1085,9367
1086,4914
1086,7710
1086,9367
1087,4914
1087,7710
1087,9367
1088,4914
1088,7710
1088,9367
1089,4914
1089,7710
1089,9367
1090,4914
1090,7708
1092,6717
1093,22
1093,182
1093,4643
1094,21
1094,102
1094,110
1094,537
1095,21
1095,102
1095,110
1095,537
1096,94
1096,97
1096,118
1096,644
1097,144
1097,1399
1098,340
1099,7851
1100,22
1100,182
1100,2755
1100,3262
1101,22
1101,182
1102,22
1102,182
1102,3044
1103,22
1103,182
1103,3044
1103,8452
1104,22
1104,182
1104,4643
1105,22
1105,182
1105,4643
1106,22
1106,182
1106,4643
1107,22
1107,182
1107,4643
1108,22
1108,182
1108,4643
1109,22
1109,182
1109,4643
1110,22
1110,182
1110,4643
1111,22
1112,22
1113,8
1113,335
1113,2455
1113,8138
1114,8
1114,335
1114,2455
1114,8138
1115,8
1115,335
1115,2455
1115,8138
1116,8
1116,335
1116,2455
1116,8138
1117,2455
1117,8138
1118,2455
1118,8138
1119,2455
1119,8138
1120,2455
1120,8138
1121,1402
1121,2455
1121,8138
1122,1402
1122,2455
1122,8138
1123,1402
1123,2455
1123,8138
1124,1402
1124,2455
1124,8138
1125,1402
1125,2455
1125,8138
1126,38
1127,1070
1127,1082
1127,1249
1128,1070
1128,1082
1128,1249
1129,1070
1129,1082
1129,1249
1130,1070
1130,1082
1130,1249
1131,1070
1131,1082
1131,1249
1132,1070
1132,1082
1132,1249
1133,1070
1133,1082
1133,1249
1134,1070
1134,1082
1134,1249
1135,1070
1135,1082
1135,1249
1136,1070
1136,1082
1136,1249
1137,718
1137,1070
1137,1082
1138,718
1138,1070
1138,1082
1139,718
1139,1070
1139,1082
1140,718
1140,1070
1140,1082
1141,718
1141,1070
1141,1082
1142,718
1142,1070
1142,1082
1143,718
1143,1070
1143,1082
1144,718
1144,1070
1144,1082
1145,129
1145,297
1146,129
1146,297
1147,129
1147,297
1150,2778
1150,7470
1151,17
1151,22
1152,17
1152,22
1153,17
1153,22
1154,17
1154,22
1155,17
1155,22
1156,17
1156,22
1157,17
1157,22
1158,17
1158,22
1159,149
1159,352
1160,149
1160,352
1161,149
1161,352
1162,149
1162,352
1163,149
1163,352
1164,149
1164,352
1165,149
1165,352
1166,149
1166,352
1167,111
1167,201
1167,352
1167,1631
1168,8
1168,122
1168,335
1169,8
1169,122
1169,335
1170,82
1170,102
1170,112
1170,162
1170,352
1170,405
1170,7528
1171,82
1171,102
1171,112
1171,162
1171,352
1171,405
1171,7528
1172,8
1172,335
1172,7528
1173,591
1173,1402
1173,3899
1173,7528
1174,591
1174,1402
1174,3899
1174,7528
1175,201
1175,222
1175,314
1175,7528
1176,465
1176,7528
1177,122
1177,262
1177,822
1178,44
1178,353
1178,2381
1179,111
1179,117
1179,353
1180,111
1180,117
1180,353
1181,65
1181,111
1181,168
1182,65
1182,111
1182,168
1183,65
1183,111
1183,168
1184,65
1184,111
1184,168
1185,65
1185,111
1185,168
1186,65
1186,111
1186,168
1187,65
1187,111
1187,168
1188,65
1188,111
1188,168
1189,55
1189,149
1189,1940
1190,55
1190,149
1190,1940
1191,55
1191,149
1191,1940
1192,55
1192,149
1192,1940
1193,55
1193,149
1193,1940
1194,240
1194,241
1194,1940
1195,240
1195,241
1195,1940
1196,240
1196,241
1196,1940
1197,240
1197,241
1197,1940
1198,240
1198,241
1198,1940
1199,3044
1200,111
1200,117
1200,830
1200,8219
1201,429
1201,830
1201,6717
1201,8219
1201,8737
1202,830
1202,6717
1202,8219
1202,8737
1203,111
1203,830
1203,1958
1203,8219
1204,111
1204,830
1204,1958
1204,8219
1204,8383
1205,111
1205,830
1205,929
1205,2285
1205,8219
1205,8383
1206,321
1206,334
1206,352
1206,405
1207,321
1207,334
1207,352
1207,405
1208,321
1208,334
1208,352
1208,405
1208,4029
1209,321
1209,334
1209,352
1209,405
1209,4029
1210,321
1210,334
1210,352
1210,405
1210,4029
1211,321
1211,334
1211,352
1211,405
1211,4029
1212,321
1212,334
1212,352
1212,405
1212,4029
1213,321
1213,334
1213,352
1213,405
1213,4029
1214,321
1214,334
1214,352
1214,405
1214,4029
1215,321
1215,334
1215,352
1215,405
1215,4029
1216,21
1216,204
1217,21
1217,204
1218,21
1218,204
1219,21
1219,204
1220,21
1220,204
1221,21
1221,204
1222,21
1222,204
1223,21
1223,204
1224,21
1224,204
1225,136
1225,204
1226,136
1226,204
1227,129
1227,262
1227,6459
1228,129
1228,262
1228,6459
1229,129
1229,262
1229,6459
1230,129
1230,262
1230,6459
1231,129
1231,262
1231,6459
1232,129
1232,262
1232,6459
1233,129
1233,262
1233,6459
1234,481
1234,1433
1234,3044
1234,5276
1234,7851
1235,481
1235,1403
1235,1433
1235,5276
1236,129
1236,262
1236,481
1237,129
1237,262
1237,481
1238,129
1238,262
1238,481
1239,129
1239,262
1239,481
1240,38
1240,201
1240,429
1240,8219
1241,26
1241,38
1241,70
1241,8219
1242,83
1242,129
1242,1316
1242,8219
1243,43
1243,295
1243,8219
1244,38
1244,43
1244,262
1244,7555
1244,8219
1246,16
1246,846
1246,2340
1247,16
1247,846
1247,2340
1248,16
1248,846
1248,2340
1249,16
1249,846
1249,2340
1250,16
1250,846
1250,2340
1251,16
1251,846
1251,2340
1252,16
1252,846
1252,2340
1253,1518
1253,5243
1254,284
1254,2099
1254,2720
1254,3685
1254,5243
1255,5243
1256,111
1256,929
1256,2285
1257,111
1257,929
1257,2285
1258,111
1258,929
1258,2285
1259,111
1259,929
1259,2285
1260,111
1260,929
1260,2285
1261,111
1261,929
1261,2285
1262,111
1262,929
1262,2285
1263,111
1263,929
1263,2285
1263,4737
1264,111
1264,929
1264,2285
1265,111
1265,929
1265,2285
1265,8383
1266,111
1266,929
1266,2285
1266,8383
1267,111
1267,929
1267,2285
1267,8383
1268,929
1268,4914
1269,929
1269,4914
1270,929
1270,4914
1271,929
1271,4914
1272,6
1272,115
1272,769
1273,6
1273,115
1273,769
1274,6
1274,115
1274,769
1275,6
1275,115
1275,769
1276,6
1276,115
1276,769
1277,6
1277,115
1277,769
1278,6
1278,115
1278,769
1279,6
1279,115
1279,769
1280,6
1280,115
1280,769
1281,6
1281,115
1281,769
1282,6
1282,115
1282,769
1283,6
1283,115
1283,769
1284,222
1284,769
1284,4914
1285,222
1285,769
1285,4914
1286,222
1286,769
1286,4914
1287,21
1287,813
1288,11
1288,813
1289,11
1289,813
1290,11
1290,813
1291,11
1291,813
1292,11
1292,813
1292,1402
1293,11
1293,813
1293,1402
1294,11
1294,813
1294,1402
1295,11
1295,813
1295,1402
1296,4914
1296,5696
1297,4153
1297,4914
1297,8149
1298,4153
1298,4914
1298,8149
1299,4153
1299,4914
1299,8149
1300,4153
1300,4914
1300,8149
1301,6
1301,222
1301,302
1301,7528
1302,6
1302,222
1302,302
1302,7528
1303,6
1303,222
1303,302
1303,7528
1304,149
1304,768
1305,149
1305,768
1306,123
1306,1474
1307,123
1307,1474
1308,123
1308,1474
1309,123
1309,429
1309,1474
1310,123
1310,429
1310,1474
1311,123
1311,429
1311,1474
1312,123
1312,429
1312,1474
1313,123
1313,429
1313,1474
1314,123
1314,429
1314,1474
1315,123
1315,429
1315,1474
1316,123
1316,1474
1317,123
1317,1474
1318,38
1318,63
1318,319
1319,50
1319,319
1320,50
1320,182
1320,319
1321,50
1321,182
1321,319
1322,50
1322,182
1322,319
1323,50
1323,182
1323,319
1324,50
1324,182
1324,319
1325,50
1325,182
1325,319
1326,50
1326,182
1326,319
1327,50
1327,182
1327,319
1328,50
1328,182
1328,319
1329,50
1329,182
1329,319
1330,50
1330,182
1330,319
1331,50
1331,182
1331,319
1332,115
1332,123
1332,229
1332,276
1333,123
1333,276
1333,4914
1333,4918
1333,5593
1334,57
1334,571
1335,57
1335,571
1336,57
1336,571
1337,57
1337,571
1338,57
1338,571
1339,57
1339,571
1340,57
1340,571
1341,57
1341,571
1342,129
1342,8416
1343,129
1343,8416
1344,129
1344,8416
1345,129
1345,8416
1346,129
1346,8416
1347,129
1347,8416
1348,129
1348,8416
1349,129
1349,8416
1350,38
1350,299
1351,6279
1351,6451
1352,262
1352,1665
1352,4920
1353,16
1353,152
1353,158
1353,4920
1354,16
1354,152
1354,158
1354,4920
1355,16
1355,152
1355,158
1355,4920
1356,16
1356,152
1356,158
1356,4920
1357,16
1357,152
1357,158
1357,3729
1357,4920
1357,5897
1358,16
1358,152
1358,158
1358,4920
1358,5897
1359,16
1359,152
1359,158
1359,4920
1359,5897
1360,16
1360,152
1360,158
1360,4920
1360,5060
1360,5897
1361,16
1361,152
1361,158
1361,4920
1361,5897
1362,16
1362,152
1362,158
1362,4920
1362,5897
1363,16
1363,152
1363,158
1363,4920
1363,5897
1364,16
1364,152
1364,158
1364,4920
1364,5897
1365,16
1365,152
1365,158
1365,4920
1365,5897
1366,21
1366,35
1366,4920
1367,21
1367,35
1367,4920
1370,6473
1370,6843
1371,16
1371,504
1372,16
1372,504
1373,16
1373,504
1374,16
1374,504
1375,16
1375,504
1376,16
1376,504
1377,16
1377,504
1378,16
1378,504
1379,16
1379,504
1380,16
1380,504
1381,149
1381,169
1381,170
1381,171
1382,149
1382,169
1382,170
1382,171
1383,149
1383,169
1383,170
1383,171
1384,149
1384,169
1384,170
1384,171
1385,149
1385,169
1385,170
1385,171
1386,149
1386,169
1386,170
1386,171
1387,6
1387,222
1388,6
1388,222
1389,6
1389,222
1390,6
1390,222
1391,6
1391,222
1392,6
1392,222
1393,6
1393,222
1394,6
1394,222
1395,6
1395,222
1396,6
1396,222
1397,6
1397,222
1398,6
1398,222
1398,1433
1398,3452
1399,154
1399,159
1400,154
1400,159
1401,154
1401,159
1402,154
1402,159
1403,154
1403,159
1404,154
1404,159
1405,154
1405,159
1406,154
1406,159
1407,154
1407,159
1408,154
1408,159
1409,102
1409,1456
1409,2961
1410,102
1410,1456
1410,2961
1411,102
1411,1456
1411,2961
1412,102
1412,1456
1412,2961
1413,102
1413,1456
1413,2961
1414,102
1414,1456
1414,2961
1415,16
1415,582
1415,919
1416,16
1416,353
1416,554
1417,16
1417,102
1417,197
1418,16
1418,102
1418,197
1419,16
1419,102
1419,197
1420,16
1420,102
1420,197
1421,16
1421,102
1421,197
1422,16
1422,102
1422,197
1423,16
1423,4821
1424,16
1424,4821
1425,16
1425,4821
1426,16
1426,4821
1427,16
1427,4821
1428,16
1428,4821
1429,16
1429,4821
1430,16
1430,4821
1431,16
1431,4821
1432,16
1432,143
1432,4821
1433,16
1433,143
1433,4821
1434,16
1434,143
1434,4821
1435,16
1435,143
1435,4821
1436,102
1436,1856
1437,429
1437,2043
1438,429
1438,2043
1438,3044
1439,429
1439,3811
1440,429
1440,3811
1441,429
1441,1502
1441,3811
1442,44
1442,429
1442,1773
1442,2481
1442,3811
1443,97
1443,122
1443,429
1443,3811
1444,97
1444,122
1444,429
1444,3811
1445,429
1445,2288
1445,3199
1445,3811
1446,429
1446,2288
1446,3199
1446,3811
1447,2
1447,262
1447,429
1448,2
1448,262
1448,429
1448,4592
1449,429
1449,2043
1449,3044
1450,429
1450,2043
1450,3044
1451,429
1451,2043
1451,3044
1452,429
1452,2043
1453,429
1453,2043
1454,429
1454,2043
1455,429
1455,2043
1455,3044
1456,4
1456,50
1456,102
1457,4
1457,50
1457,102
1458,4
1458,50
1458,102
1459,4914
1459,6451
1460,4914
1460,6451
1461,4914
1461,6451
1462,4914
1462,6451
1463,4914
1463,5060
1463,6451
1463,6480
1464,4914
1464,6451
1465,4914
1465,6451
1466,4914
1466,6451
1467,4914
1467,6451
1468,4914
1468,6451
1469,4914
1469,6451
1470,4914
1470,6451
1471,1711
1471,4914
1471,6451
1471,6480
1472,4914
1472,6451
1473,4592
1473,4914
1473,6451
1474,8138
1475,353
1475,1328
1476,7710
1477,7710
1478,62
1478,2455
1479,62
1479,2455
1480,62
1480,2455
1481,57
1481,149
1481,210
1482,57
1482,149
1482,210
1483,57
1483,149
1483,210
1484,57
1484,149
1484,210
1485,57
1485,149
1485,210
1486,57
1486,149
1486,210
1487,57
1487,149
1487,210
1488,16
1488,4643
1488,7194
1489,16
1489,4643
1489,5060
1489,7194
1490,16
1490,2788
1490,4643
1490,7194
1491,86
1491,87
1491,4643
1491,7194
1492,86
1492,87
1492,4643
1492,5060
1492,7194
1493,86
1493,87
1493,2788
1493,4643
1493,7194
1494,86
1494,87
1495,86
1495,87
1496,86
1496,87
1497,86
1497,87
1498,86
1498,87
1498,3722
1499,86
1499,87
1499,3722
1500,87
1500,112
1500,162
1500,263
1501,51
1501,9213
1502,102
1502,111
1503,222
1504,222
1505,222
1505,5060
1505,6480
1506,222
1507,222
1508,50
1508,102
1508,3722
1509,50
1509,102
1509,3722
1510,50
1510,102
1510,3722
1511,50
1511,102
1511,3722
1512,50
1512,102
1512,3722
1513,50
1513,102
1513,3722
1514,50
1514,102
1514,3722
1515,3722
1516,3722
1517,3722
1518,3722
1519,3722
1520,3722
1521,3722
1522,3722
1523,3722
1524,3722
1525,4123
1526,16
1526,153
1526,429
1526,6482
1527,30
1527,6480
1528,30
1528,6480
1529,30
1529,6480
1530,30
1530,6480
1531,30
1531,1711
1532,30
1532,1711
1533,30
1533,1711
1534,30
1534,1711
1535,30
1535,1711
1536,30
1536,501
1537,30
1537,501
1537,8254
1538,29
1538,30
1539,29
1539,30
1540,29
1540,30
1541,29
1541,30
1542,29
1542,30
1543,29
1543,30
1544,29
1544,30
1545,30
1546,30
1547,30
1548,30
1549,30
1549,5060
1550,30
1551,50
1551,102
1552,50
1552,102
1553,50
1553,102
1554,50
1554,102
1555,50
1555,102
1556,38
1556,201
1557,38
1557,201
1558,10
1558,38
1558,122
1558,201
1559,10
1559,38
1559,122
1559,201
1560,10
1560,38
1560,122
1560,201
1561,10
1561,38
1561,122
1561,201
1562,10
1562,38
1562,122
1562,201
1563,10
1563,38
1563,122
1563,201
1564,10
1564,38
1564,122
1564,201
1565,38
1565,115
1565,201
1565,229
1566,38
1566,115
1566,201
1566,229
1567,38
1567,115
1567,201
1567,229
1568,38
1568,115
1568,201
1568,229
1569,38
1569,115
1569,201
1569,229
1570,201
1570,717
1571,201
1571,717
1572,201
1572,717
1573,201
1573,717
1574,201
1574,717
1575,201
1575,717
1576,201
1576,717
1577,4914
1578,4914
1578,5661
1579,919
1580,919
1581,919
1582,919
1583,919
1584,919
1585,4901
1585,7034
1586,4901
1586,7034
1587,4901
1587,7034
1588,1080
1589,1080
1590,83
1590,122
1590,129
1591,83
1591,129
1591,1316
1592,83
1592,129
1592,1316
1593,83
1593,129
1593,1316
1594,83
1594,129
1594,1316
1595,2455
1595,4914
1595,5679
1595,5680
1595,6480
1595,7709
1596,4914
1596,5679
1596,5680
1596,7709
1597,4914
1597,5679
1597,5680
1597,7709
1598,4914
1598,5679
1598,5680
1598,7709
1599,136
1599,182
1600,136
1600,182
1601,136
1601,182
1602,35
1602,36
1602,44
1603,35
1603,36
1603,44
1604,35
1604,36
1604,44
1605,35
1605,36
1605,44
1606,35
1606,36
1606,44
1607,35
1607,36
1607,44
1608,35
1608,38
1608,43
1608,176
1608,422
1608,813
1608,853
1608,3623
1608,7555
1609,35
1609,38
1609,43
1609,176
1609,422
1609,813
1609,853
1609,3623
1609,7555
1610,35
1610,38
1610,43
1610,176
1610,422
1610,813
1610,853
1610,3623
1610,7555
1611,35
1611,36
1612,35
1612,36
1613,35
1613,36
1614,35
1614,36
1615,35
1615,36
1616,35
1616,36
1617,35
1617,36
1618,35
1618,36
1619,35
1619,36
1620,35
1620,36
1621,35
1621,36
1622,35
1622,36
1623,35
1623,36
1623,5060
1624,35
1624,36
1624,3729
1624,8383
1625,35
1625,36
1625,8383
1626,35
1626,55
1626,126
1627,35
1627,55
1627,126
1628,2142
1629,2142
1629,4914
1630,26
1630,38
1630,1094
1631,38
1631,201
1631,1094
1632,38
1632,300
1632,1094
1633,2455
1634,461
1635,222
1635,461
1635,620
1635,1212
1636,30
1636,386
1636,605
1637,30
1637,386
1637,605
1638,30
1638,386
1638,605
1639,30
1639,386
1639,605
1640,44
1640,429
1640,605
1640,769
1641,44
1641,429
1641,605
1641,2910
1642,44
1642,429
1642,605
1642,2910
1643,44
1643,429
1643,605
1643,2910
1644,44
1644,429
1644,605
1644,2910
1645,44
1645,429
1645,605
1645,2910
1646,44
1646,429
1646,605
1646,2910
1647,44
1647,429
1647,605
1647,2910
1648,44
1648,429
1648,605
1648,2910
1649,44
1649,429
1649,605
1649,2910
1650,44
1650,429
1650,605
1650,2910
1651,38
1651,43
1651,161
1651,793
1652,38
1652,2455
1653,38
1653,2455
1654,38
1654,2455
1655,38
1655,2455
1656,38
1656,2455
1657,38
1657,2455
1658,38
1658,2455
1659,4914
1659,7923
1660,38
1660,112
1661,44
1661,112
1661,620
1661,1131
1661,1464
1662,38
1662,201
1663,30
1664,386
1664,388
1665,2315
1665,3044
1666,1435
1667,144
1667,1435
1668,144
1668,1435
1669,1435
1670,144
1670,541
1670,1463
1670,3420
1671,1435
1672,1435
1673,16
1673,1435
1673,4643
1673,7194
1674,1435
1675,1435
1676,1435
1677,1435
1678,144
1678,1435
1679,1435
1680,1435
1681,1435
1682,1435
1683,176
1683,262
1684,176
1684,262
1685,176
1685,262
1686,176
1686,262
1687,176
1687,262
1688,176
1688,262
1689,176
1689,262
1690,26
1690,38
1690,176
1691,26
1691,38
1691,176
1692,26
1692,38
1692,176
1693,26
1693,38
1693,176
1694,26
1694,38
1694,176
1695,26
1695,38
1695,176
1696,26
1696,38
1696,176
1697,894
1698,894
1699,894
1699,2836
1699,2949
1699,5521
1700,894
1700,2836
1700,2949
1700,5521
1701,894
1701,2836
1701,2949
1701,5521
1702,894
1702,2836
1702,2949
1702,5521
1703,894
1703,3044
1704,229
1704,894
1704,7031
1705,49
1705,50
1705,229
1705,894
1705,7031
1706,8
1706,88
1707,8
1707,88
1708,8
1708,88
1709,8
1709,88
1710,8
1710,88
1711,8
1711,88
1712,8
1712,88
1713,8
1713,88
1714,8
1714,88
1715,8
1715,88
1715,3452
1715,4737
1716,8
1716,88
1716,3452
1717,8
1717,88
1717,229
1718,8
1718,88
1718,229
1719,8
1719,88
1719,229
1720,8
1720,88
1720,229
1721,8
1721,88
1721,229
1722,112
1722,4001
1723,149
1723,7470
1724,149
1724,7470
1725,149
1725,7470
1726,149
1726,7470
1727,149
1727,7470
1728,149
1728,7470
1729,149
1729,7470
1730,7470
1731,7470
1732,7470
1733,7470
1734,7470
1735,7470
1736,7470
1737,7470
1738,7470
1739,30
1739,4689
1739,8592
1740,38
1740,300
1741,38
1741,300
1741,4592
1742,38
1742,101
1742,300
1743,38
1743,43
1743,101
1744,38
1744,43
1744,101
1745,38
1745,43
1745,101
1746,38
1746,43
1746,101
1747,38
1747,43
1747,101
1748,38
1748,43
1748,101
1749,43
1749,87
1749,126
1749,263
1750,43
1750,295
1750,4914
1751,43
1751,295
1751,4914
1752,43
1752,295
1752,4914
1753,43
1753,295
1753,4914
1754,43
1754,295
1754,4914
1755,43
1755,295
1755,4914
1756,38
1756,43
1756,262
1756,7555
1757,38
1757,43
1757,262
1757,7555
1758,38
1758,43
1758,262
1758,7555
1759,435
1759,7389
1760,435
1760,7389
1761,435
1761,7389
1762,38
1762,63
1762,247
1763,894
1764,4914
1764,7708
1765,4914
1765,7708
1766,4914
1766,7708
1767,4914
1767,7708
1768,5595
1769,1146
1769,7710
1769,8138
1769,8598
1770,1146
1770,7710
1770,8138
1770,8598
1771,1146
1771,7710
1771,8138
1771,8598
1772,1146
1772,7710
1772,8138
1772,8598
1773,658
1773,1146
1773,7710
1773,8598
1774,658
1774,1146
1774,7710
1774,8598
1775,35
1775,36
1775,1146
1775,7710
1775,8598
1776,35
1776,36
1776,1146
1776,7710
1776,8598
1777,59
1777,382
1778,769
1778,8138
1779,769
1779,8138
1780,769
1780,8138
1781,38
1781,4914
1781,8155
1782,38
1782,4914
1782,8155
1783,38
1783,4914
1783,8155
1784,38
1784,4914
1784,8155
1785,38
1785,4914
1785,8155
1786,38
1786,4914
1786,8155
1787,981
1788,981
1789,981
1789,4914
1790,981
1790,4914
1791,981
1791,4914
1792,21
1792,71
1792,162
1792,323
1792,695
1792,1249
1792,3583
1792,4285
1793,1435
1793,2378
1794,149
1794,1402
1794,2761
1800,1402
1800,2433
1801,5811
1801,6192
1802,2315
1802,3044
1803,144
1803,1399
1804,144
1804,1399
1804,7286
1805,703
1806,7851
1807,830
1807,8219
1808,1435
1808,4629
1808,5587
1809,1403
1809,2549
1810,6920
1810,7032
1811,22
1811,2942
1811,8737
1812,605
1812,1602
1812,4817
1812,6591
1814,1019
1814,1399
1815,481
1815,1399
1815,2711
1815,4850
1815,7597
1816,38
1816,249
1816,3044
1817,22
1817,144
1817,1399
1817,2996
1817,6836
1817,7687
1818,38
1818,124
1818,1732
1818,1788
1819,249
1819,1788
1820,1788
1821,340
1821,1788
1822,809
1822,1788
1823,22
1824,207
1824,3202
1825,1403
1825,1788
1825,8141
1826,144
1826,1399
1826,1788
1826,2911
1826,6393
1827,150
1827,481
1827,830
1828,481
1828,3044
1828,6925
1829,70
1830,35
1830,38
1830,1399
