personUUID,courseId
1b3cff7f-1549-4998-b52e-0ba9093e1d01,0
8785f18a-1bf3-4c63-8d8b-d3e5d516ca40,1
1b3cff7f-1549-4998-b52e-0ba9093e1d01,1
1b3cff7f-1549-4998-b52e-0ba9093e1d01,2
5c50bbc9-ed3d-417f-ba4d-e484eaf536b3,3
5f3b7745-99be-4d1b-8ce1-a413325c2008,7
1b3cff7f-1549-4998-b52e-0ba9093e1d01,5
1b3cff7f-1549-4998-b52e-0ba9093e1d01,6
1b3cff7f-1549-4998-b52e-0ba9093e1d01,7
1b3cff7f-1549-4998-b52e-0ba9093e1d01,8
1b3cff7f-1549-4998-b52e-0ba9093e1d01,9
5c50bbc9-ed3d-417f-ba4d-e484eaf536b3,10
5c50bbc9-ed3d-417f-ba4d-e484eaf536b3,11
a22e85da-82e3-410d-8ef1-31407362ba19,13
1b3cff7f-1549-4998-b52e-0ba9093e1d01,13
1b3cff7f-1549-4998-b52e-0ba9093e1d01,14
1b3cff7f-1549-4998-b52e-0ba9093e1d01,15
53c45a58-4c3c-424c-80a2-c39e733fd7c3,16
53c45a58-4c3c-424c-80a2-c39e733fd7c3,17
53c45a58-4c3c-424c-80a2-c39e733fd7c3,18
53c45a58-4c3c-424c-80a2-c39e733fd7c3,19
53c45a58-4c3c-424c-80a2-c39e733fd7c3,20
53c45a58-4c3c-424c-80a2-c39e733fd7c3,21
53c45a58-4c3c-424c-80a2-c39e733fd7c3,22
53c45a58-4c3c-424c-80a2-c39e733fd7c3,23
53c45a58-4c3c-424c-80a2-c39e733fd7c3,24
53c45a58-4c3c-424c-80a2-c39e733fd7c3,25
9504265d-0046-4e58-b529-256a656c012d,26
53c45a58-4c3c-424c-80a2-c39e733fd7c3,26
53c45a58-4c3c-424c-80a2-c39e733fd7c3,27
53c45a58-4c3c-424c-80a2-c39e733fd7c3,28
db64c222-0674-4eab-9f09-7f9ea1c483e3,29
53c45a58-4c3c-424c-80a2-c39e733fd7c3,30
53c45a58-4c3c-424c-80a2-c39e733fd7c3,31
53c45a58-4c3c-424c-80a2-c39e733fd7c3,29
53c45a58-4c3c-424c-80a2-c39e733fd7c3,32
53c45a58-4c3c-424c-80a2-c39e733fd7c3,33
53c45a58-4c3c-424c-80a2-c39e733fd7c3,34
53c45a58-4c3c-424c-80a2-c39e733fd7c3,35
53c45a58-4c3c-424c-80a2-c39e733fd7c3,36
53c45a58-4c3c-424c-80a2-c39e733fd7c3,37
689427b5-8d2a-44f3-b291-6db6ba598305,38
53c45a58-4c3c-424c-80a2-c39e733fd7c3,39
e8e88610-5144-41da-95bf-597abf1d7869,40
ad50bed7-77fd-4c7f-819c-54455506e3f0,41
1abda59f-c493-4824-a7b1-7470d66f08d1,42
90b501a9-4d44-460b-b193-4d7d524bb21b,43
9027b41a-4159-4db7-9ddd-8fc8f41f1fb3,44
a39b94ff-e1b6-4b96-8404-486167a9123d,45
a39b94ff-e1b6-4b96-8404-486167a9123d,46
a39b94ff-e1b6-4b96-8404-486167a9123d,47
a39b94ff-e1b6-4b96-8404-486167a9123d,48
a39b94ff-e1b6-4b96-8404-486167a9123d,49
a39b94ff-e1b6-4b96-8404-486167a9123d,50
a39b94ff-e1b6-4b96-8404-486167a9123d,51
a39b94ff-e1b6-4b96-8404-486167a9123d,52
a39b94ff-e1b6-4b96-8404-486167a9123d,53
a39b94ff-e1b6-4b96-8404-486167a9123d,54
2a9c0934-98ca-4101-b829-b88d77f6487e,56
a39b94ff-e1b6-4b96-8404-486167a9123d,56
a39b94ff-e1b6-4b96-8404-486167a9123d,57
a39b94ff-e1b6-4b96-8404-486167a9123d,58
a39b94ff-e1b6-4b96-8404-486167a9123d,59
a39b94ff-e1b6-4b96-8404-486167a9123d,60
a39b94ff-e1b6-4b96-8404-486167a9123d,61
1313519f-2074-41d6-8b79-589648e37211,63
a39b94ff-e1b6-4b96-8404-486167a9123d,63
a39b94ff-e1b6-4b96-8404-486167a9123d,64
a39b94ff-e1b6-4b96-8404-486167a9123d,65
a39b94ff-e1b6-4b96-8404-486167a9123d,66
a39b94ff-e1b6-4b96-8404-486167a9123d,67
a39b94ff-e1b6-4b96-8404-486167a9123d,68
b2b68ce2-6257-45bf-ab48-dc17d05c885e,70
b2b68ce2-6257-45bf-ab48-dc17d05c885e,71
b2b68ce2-6257-45bf-ab48-dc17d05c885e,72
b2b68ce2-6257-45bf-ab48-dc17d05c885e,73
b2b68ce2-6257-45bf-ab48-dc17d05c885e,74
b2b68ce2-6257-45bf-ab48-dc17d05c885e,75
b2b68ce2-6257-45bf-ab48-dc17d05c885e,76
b2b68ce2-6257-45bf-ab48-dc17d05c885e,77
b2b68ce2-6257-45bf-ab48-dc17d05c885e,78
b2b68ce2-6257-45bf-ab48-dc17d05c885e,79
b2b68ce2-6257-45bf-ab48-dc17d05c885e,80
b2b68ce2-6257-45bf-ab48-dc17d05c885e,81
b2b68ce2-6257-45bf-ab48-dc17d05c885e,82
b2b68ce2-6257-45bf-ab48-dc17d05c885e,83
7016a7a0-c187-4a62-baef-0780150912d1,85
d37cba38-dff2-4c27-a515-226cfadfd849,86
7016a7a0-c187-4a62-baef-0780150912d1,87
7016a7a0-c187-4a62-baef-0780150912d1,88
7016a7a0-c187-4a62-baef-0780150912d1,89
7016a7a0-c187-4a62-baef-0780150912d1,90
7016a7a0-c187-4a62-baef-0780150912d1,91
7016a7a0-c187-4a62-baef-0780150912d1,92
7016a7a0-c187-4a62-baef-0780150912d1,93
7016a7a0-c187-4a62-baef-0780150912d1,94
7016a7a0-c187-4a62-baef-0780150912d1,95
7016a7a0-c187-4a62-baef-0780150912d1,96
7016a7a0-c187-4a62-baef-0780150912d1,97
7016a7a0-c187-4a62-baef-0780150912d1,98
7016a7a0-c187-4a62-baef-0780150912d1,99
7016a7a0-c187-4a62-baef-0780150912d1,100
7016a7a0-c187-4a62-baef-0780150912d1,101
472021c7-73cc-44ba-a4ef-70cd2bed8601,102
7016a7a0-c187-4a62-baef-0780150912d1,103
7016a7a0-c187-4a62-baef-0780150912d1,102
7016a7a0-c187-4a62-baef-0780150912d1,104
7016a7a0-c187-4a62-baef-0780150912d1,105
7016a7a0-c187-4a62-baef-0780150912d1,106
7016a7a0-c187-4a62-baef-0780150912d1,107
7016a7a0-c187-4a62-baef-0780150912d1,108
7016a7a0-c187-4a62-baef-0780150912d1,109
418f030f-2b26-4c74-a77b-c0c87d13f56d,110
5f52759c-418a-41b7-bbdb-050492677284,111
5f52759c-418a-41b7-bbdb-050492677284,112
5f52759c-418a-41b7-bbdb-050492677284,113
5f52759c-418a-41b7-bbdb-050492677284,114
5f52759c-418a-41b7-bbdb-050492677284,115
5f52759c-418a-41b7-bbdb-050492677284,116
5f52759c-418a-41b7-bbdb-050492677284,117
5f52759c-418a-41b7-bbdb-050492677284,118
ef9b447a-d6c4-4250-a506-093730db84d6,119
5f52759c-418a-41b7-bbdb-050492677284,120
5f52759c-418a-41b7-bbdb-050492677284,121
5f52759c-418a-41b7-bbdb-050492677284,122
5f52759c-418a-41b7-bbdb-050492677284,123
5f52759c-418a-41b7-bbdb-050492677284,124
5f52759c-418a-41b7-bbdb-050492677284,125
5f52759c-418a-41b7-bbdb-050492677284,119
5f52759c-418a-41b7-bbdb-050492677284,126
5f52759c-418a-41b7-bbdb-050492677284,127
5f52759c-418a-41b7-bbdb-050492677284,128
5f52759c-418a-41b7-bbdb-050492677284,129
5f52759c-418a-41b7-bbdb-050492677284,130
5f52759c-418a-41b7-bbdb-050492677284,131
5f52759c-418a-41b7-bbdb-050492677284,132
ef9b447a-d6c4-4250-a506-093730db84d6,133
5f52759c-418a-41b7-bbdb-050492677284,133
5f52759c-418a-41b7-bbdb-050492677284,134
5f52759c-418a-41b7-bbdb-050492677284,135
5f52759c-418a-41b7-bbdb-050492677284,136
5f52759c-418a-41b7-bbdb-050492677284,137
5f52759c-418a-41b7-bbdb-050492677284,138
5f52759c-418a-41b7-bbdb-050492677284,139
5f52759c-418a-41b7-bbdb-050492677284,140
5f52759c-418a-41b7-bbdb-050492677284,141
5f52759c-418a-41b7-bbdb-050492677284,142
5f52759c-418a-41b7-bbdb-050492677284,143
5f52759c-418a-41b7-bbdb-050492677284,144
5f52759c-418a-41b7-bbdb-050492677284,145
5f52759c-418a-41b7-bbdb-050492677284,146
5f52759c-418a-41b7-bbdb-050492677284,147
5f52759c-418a-41b7-bbdb-050492677284,148
cf5e1d64-5489-4534-ba34-8dba5fd354a6,149
5f52759c-418a-41b7-bbdb-050492677284,149
5f52759c-418a-41b7-bbdb-050492677284,150
5f52759c-418a-41b7-bbdb-050492677284,151
5f52759c-418a-41b7-bbdb-050492677284,152
e6f70fb0-caf1-4736-b583-b0777bc1390f,154
5f52759c-418a-41b7-bbdb-050492677284,154
5f52759c-418a-41b7-bbdb-050492677284,155
5f52759c-418a-41b7-bbdb-050492677284,156
2b8ff3a4-e9b0-403d-8bd8-1bf26121c234,157
2b8ff3a4-e9b0-403d-8bd8-1bf26121c234,158
2b8ff3a4-e9b0-403d-8bd8-1bf26121c234,159
2b8ff3a4-e9b0-403d-8bd8-1bf26121c234,160
2b8ff3a4-e9b0-403d-8bd8-1bf26121c234,161
2b8ff3a4-e9b0-403d-8bd8-1bf26121c234,162
2b8ff3a4-e9b0-403d-8bd8-1bf26121c234,163
2b8ff3a4-e9b0-403d-8bd8-1bf26121c234,164
2b8ff3a4-e9b0-403d-8bd8-1bf26121c234,165
2b8ff3a4-e9b0-403d-8bd8-1bf26121c234,166
2b8ff3a4-e9b0-403d-8bd8-1bf26121c234,167
2b8ff3a4-e9b0-403d-8bd8-1bf26121c234,168
2b8ff3a4-e9b0-403d-8bd8-1bf26121c234,169
2b8ff3a4-e9b0-403d-8bd8-1bf26121c234,170
2b8ff3a4-e9b0-403d-8bd8-1bf26121c234,171
2b8ff3a4-e9b0-403d-8bd8-1bf26121c234,172
2b8ff3a4-e9b0-403d-8bd8-1bf26121c234,173
2b8ff3a4-e9b0-403d-8bd8-1bf26121c234,174
2b8ff3a4-e9b0-403d-8bd8-1bf26121c234,175
ef9b447a-d6c4-4250-a506-093730db84d6,176
2b8ff3a4-e9b0-403d-8bd8-1bf26121c234,176
2b8ff3a4-e9b0-403d-8bd8-1bf26121c234,177
2b8ff3a4-e9b0-403d-8bd8-1bf26121c234,178
2b8ff3a4-e9b0-403d-8bd8-1bf26121c234,179
2b8ff3a4-e9b0-403d-8bd8-1bf26121c234,180
2b8ff3a4-e9b0-403d-8bd8-1bf26121c234,181
2b8ff3a4-e9b0-403d-8bd8-1bf26121c234,182
2b8ff3a4-e9b0-403d-8bd8-1bf26121c234,183
2b8ff3a4-e9b0-403d-8bd8-1bf26121c234,184
2b8ff3a4-e9b0-403d-8bd8-1bf26121c234,185
c596539b-3ceb-497c-9a43-e71d6b0f65a6,186
c596539b-3ceb-497c-9a43-e71d6b0f65a6,187
c596539b-3ceb-497c-9a43-e71d6b0f65a6,188
c596539b-3ceb-497c-9a43-e71d6b0f65a6,189
c596539b-3ceb-497c-9a43-e71d6b0f65a6,190
c596539b-3ceb-497c-9a43-e71d6b0f65a6,191
c596539b-3ceb-497c-9a43-e71d6b0f65a6,192
9cf737ee-bd9a-4f7e-b865-b6ff6ed01fde,193
c596539b-3ceb-497c-9a43-e71d6b0f65a6,193
c596539b-3ceb-497c-9a43-e71d6b0f65a6,194
c596539b-3ceb-497c-9a43-e71d6b0f65a6,195
c596539b-3ceb-497c-9a43-e71d6b0f65a6,196
c596539b-3ceb-497c-9a43-e71d6b0f65a6,197
c596539b-3ceb-497c-9a43-e71d6b0f65a6,198
c596539b-3ceb-497c-9a43-e71d6b0f65a6,199
c596539b-3ceb-497c-9a43-e71d6b0f65a6,200
c596539b-3ceb-497c-9a43-e71d6b0f65a6,201
c596539b-3ceb-497c-9a43-e71d6b0f65a6,202
c596539b-3ceb-497c-9a43-e71d6b0f65a6,203
c596539b-3ceb-497c-9a43-e71d6b0f65a6,204
1ee9fda3-cb4e-4c06-82b1-7e248c20a700,205
a420ffb3-2ca6-4925-a25f-baaa5228fc15,207
1ee9fda3-cb4e-4c06-82b1-7e248c20a700,207
1ee9fda3-cb4e-4c06-82b1-7e248c20a700,208
1ee9fda3-cb4e-4c06-82b1-7e248c20a700,209
1ee9fda3-cb4e-4c06-82b1-7e248c20a700,210
1ee9fda3-cb4e-4c06-82b1-7e248c20a700,211
1ee9fda3-cb4e-4c06-82b1-7e248c20a700,212
1ee9fda3-cb4e-4c06-82b1-7e248c20a700,213
1ee9fda3-cb4e-4c06-82b1-7e248c20a700,214
1ee9fda3-cb4e-4c06-82b1-7e248c20a700,215
1ee9fda3-cb4e-4c06-82b1-7e248c20a700,216
1ee9fda3-cb4e-4c06-82b1-7e248c20a700,217
d37cba38-dff2-4c27-a515-226cfadfd849,220
1ee9fda3-cb4e-4c06-82b1-7e248c20a700,219
1ee9fda3-cb4e-4c06-82b1-7e248c20a700,220
1ee9fda3-cb4e-4c06-82b1-7e248c20a700,221
1ee9fda3-cb4e-4c06-82b1-7e248c20a700,222
1ee9fda3-cb4e-4c06-82b1-7e248c20a700,223
1ee9fda3-cb4e-4c06-82b1-7e248c20a700,224
1ee9fda3-cb4e-4c06-82b1-7e248c20a700,225
1ee9fda3-cb4e-4c06-82b1-7e248c20a700,226
1ee9fda3-cb4e-4c06-82b1-7e248c20a700,227
1ee9fda3-cb4e-4c06-82b1-7e248c20a700,228
1ee9fda3-cb4e-4c06-82b1-7e248c20a700,229
1ee9fda3-cb4e-4c06-82b1-7e248c20a700,230
1ee9fda3-cb4e-4c06-82b1-7e248c20a700,231
1ee9fda3-cb4e-4c06-82b1-7e248c20a700,232
1ee9fda3-cb4e-4c06-82b1-7e248c20a700,233
1ee9fda3-cb4e-4c06-82b1-7e248c20a700,234
1ee9fda3-cb4e-4c06-82b1-7e248c20a700,235
1ee9fda3-cb4e-4c06-82b1-7e248c20a700,236
1ee9fda3-cb4e-4c06-82b1-7e248c20a700,237
aabb6eb1-afb9-4570-8e8e-4725a423ee5f,270
ceef6d97-26fe-4163-9538-6685e98bce2e,271
ceef6d97-26fe-4163-9538-6685e98bce2e,272
ceef6d97-26fe-4163-9538-6685e98bce2e,273
ceef6d97-26fe-4163-9538-6685e98bce2e,274
ceef6d97-26fe-4163-9538-6685e98bce2e,275
ceef6d97-26fe-4163-9538-6685e98bce2e,276
ceef6d97-26fe-4163-9538-6685e98bce2e,277
ceef6d97-26fe-4163-9538-6685e98bce2e,278
ceef6d97-26fe-4163-9538-6685e98bce2e,279
ceef6d97-26fe-4163-9538-6685e98bce2e,280
ceef6d97-26fe-4163-9538-6685e98bce2e,281
ceef6d97-26fe-4163-9538-6685e98bce2e,282
ceef6d97-26fe-4163-9538-6685e98bce2e,283
ceef6d97-26fe-4163-9538-6685e98bce2e,284
ceef6d97-26fe-4163-9538-6685e98bce2e,285
ceef6d97-26fe-4163-9538-6685e98bce2e,286
ceef6d97-26fe-4163-9538-6685e98bce2e,287
ceef6d97-26fe-4163-9538-6685e98bce2e,288
ceef6d97-26fe-4163-9538-6685e98bce2e,289
ceef6d97-26fe-4163-9538-6685e98bce2e,290
ceef6d97-26fe-4163-9538-6685e98bce2e,292
ceef6d97-26fe-4163-9538-6685e98bce2e,293
ceef6d97-26fe-4163-9538-6685e98bce2e,294
ceef6d97-26fe-4163-9538-6685e98bce2e,295
ceef6d97-26fe-4163-9538-6685e98bce2e,297
ceef6d97-26fe-4163-9538-6685e98bce2e,298
ceef6d97-26fe-4163-9538-6685e98bce2e,299
ceef6d97-26fe-4163-9538-6685e98bce2e,300
ceef6d97-26fe-4163-9538-6685e98bce2e,301
ceef6d97-26fe-4163-9538-6685e98bce2e,303
ceef6d97-26fe-4163-9538-6685e98bce2e,304
ceef6d97-26fe-4163-9538-6685e98bce2e,305
ceef6d97-26fe-4163-9538-6685e98bce2e,306
ceef6d97-26fe-4163-9538-6685e98bce2e,307
ceef6d97-26fe-4163-9538-6685e98bce2e,308
1abda59f-c493-4824-a7b1-7470d66f08d1,309
e0edf6ca-5a14-41d8-81cc-77fd67f03ee5,310
5417f888-9371-4933-8a2b-7679eb21bd84,314
5417f888-9371-4933-8a2b-7679eb21bd84,315
5417f888-9371-4933-8a2b-7679eb21bd84,316
5417f888-9371-4933-8a2b-7679eb21bd84,317
5417f888-9371-4933-8a2b-7679eb21bd84,318
5417f888-9371-4933-8a2b-7679eb21bd84,320
5417f888-9371-4933-8a2b-7679eb21bd84,321
5417f888-9371-4933-8a2b-7679eb21bd84,319
5417f888-9371-4933-8a2b-7679eb21bd84,322
5417f888-9371-4933-8a2b-7679eb21bd84,323
5417f888-9371-4933-8a2b-7679eb21bd84,324
5417f888-9371-4933-8a2b-7679eb21bd84,325
805cae2a-3462-4130-88de-cc7d94aec0a5,326
5417f888-9371-4933-8a2b-7679eb21bd84,326
5417f888-9371-4933-8a2b-7679eb21bd84,327
cf5e1d64-5489-4534-ba34-8dba5fd354a6,328
5417f888-9371-4933-8a2b-7679eb21bd84,328
5417f888-9371-4933-8a2b-7679eb21bd84,329
5417f888-9371-4933-8a2b-7679eb21bd84,330
5417f888-9371-4933-8a2b-7679eb21bd84,331
5417f888-9371-4933-8a2b-7679eb21bd84,332
5417f888-9371-4933-8a2b-7679eb21bd84,333
5417f888-9371-4933-8a2b-7679eb21bd84,334
b752c464-c7fb-4a52-a0c3-3b2d3db5d62f,335
5417f888-9371-4933-8a2b-7679eb21bd84,335
5417f888-9371-4933-8a2b-7679eb21bd84,336
5417f888-9371-4933-8a2b-7679eb21bd84,337
5417f888-9371-4933-8a2b-7679eb21bd84,338
5417f888-9371-4933-8a2b-7679eb21bd84,339
bdc2cd4a-df05-46ca-b027-b038039a58ec,340
bdc2cd4a-df05-46ca-b027-b038039a58ec,341
bdc2cd4a-df05-46ca-b027-b038039a58ec,342
bdc2cd4a-df05-46ca-b027-b038039a58ec,343
bdc2cd4a-df05-46ca-b027-b038039a58ec,344
bdc2cd4a-df05-46ca-b027-b038039a58ec,345
bdc2cd4a-df05-46ca-b027-b038039a58ec,346
bdc2cd4a-df05-46ca-b027-b038039a58ec,347
bdc2cd4a-df05-46ca-b027-b038039a58ec,348
bdc2cd4a-df05-46ca-b027-b038039a58ec,349
bdc2cd4a-df05-46ca-b027-b038039a58ec,350
bdc2cd4a-df05-46ca-b027-b038039a58ec,351
bdc2cd4a-df05-46ca-b027-b038039a58ec,352
bdc2cd4a-df05-46ca-b027-b038039a58ec,353
bdc2cd4a-df05-46ca-b027-b038039a58ec,354
831421c0-027f-4a25-b795-ee2fce0c8d2a,355
ddcdfda8-c5ea-4e67-b0ea-21ba86966197,356
bdc2cd4a-df05-46ca-b027-b038039a58ec,357
bdc2cd4a-df05-46ca-b027-b038039a58ec,358
bdc2cd4a-df05-46ca-b027-b038039a58ec,356
bdc2cd4a-df05-46ca-b027-b038039a58ec,359
bdc2cd4a-df05-46ca-b027-b038039a58ec,360
bdc2cd4a-df05-46ca-b027-b038039a58ec,361
bdc2cd4a-df05-46ca-b027-b038039a58ec,362
bdc2cd4a-df05-46ca-b027-b038039a58ec,363
ddcdfda8-c5ea-4e67-b0ea-21ba86966197,364
ddcdfda8-c5ea-4e67-b0ea-21ba86966197,365
ddcdfda8-c5ea-4e67-b0ea-21ba86966197,366
ddcdfda8-c5ea-4e67-b0ea-21ba86966197,367
ddcdfda8-c5ea-4e67-b0ea-21ba86966197,368
ddcdfda8-c5ea-4e67-b0ea-21ba86966197,369
ddcdfda8-c5ea-4e67-b0ea-21ba86966197,370
ddcdfda8-c5ea-4e67-b0ea-21ba86966197,371
ddcdfda8-c5ea-4e67-b0ea-21ba86966197,372
ddcdfda8-c5ea-4e67-b0ea-21ba86966197,373
ddcdfda8-c5ea-4e67-b0ea-21ba86966197,374
ddcdfda8-c5ea-4e67-b0ea-21ba86966197,375
ddcdfda8-c5ea-4e67-b0ea-21ba86966197,376
ddcdfda8-c5ea-4e67-b0ea-21ba86966197,377
ddcdfda8-c5ea-4e67-b0ea-21ba86966197,378
ddcdfda8-c5ea-4e67-b0ea-21ba86966197,379
ddcdfda8-c5ea-4e67-b0ea-21ba86966197,380
ddcdfda8-c5ea-4e67-b0ea-21ba86966197,381
ddcdfda8-c5ea-4e67-b0ea-21ba86966197,382
ddcdfda8-c5ea-4e67-b0ea-21ba86966197,383
ddcdfda8-c5ea-4e67-b0ea-21ba86966197,384
ddcdfda8-c5ea-4e67-b0ea-21ba86966197,385
ddcdfda8-c5ea-4e67-b0ea-21ba86966197,386
ddcdfda8-c5ea-4e67-b0ea-21ba86966197,387
bd52cb95-025e-4106-9c13-1345c76dcbfe,389
bd52cb95-025e-4106-9c13-1345c76dcbfe,390
bd52cb95-025e-4106-9c13-1345c76dcbfe,391
bd52cb95-025e-4106-9c13-1345c76dcbfe,392
bd52cb95-025e-4106-9c13-1345c76dcbfe,393
bd52cb95-025e-4106-9c13-1345c76dcbfe,394
bd52cb95-025e-4106-9c13-1345c76dcbfe,395
bd52cb95-025e-4106-9c13-1345c76dcbfe,396
bd52cb95-025e-4106-9c13-1345c76dcbfe,397
bd52cb95-025e-4106-9c13-1345c76dcbfe,398
bd52cb95-025e-4106-9c13-1345c76dcbfe,399
bd52cb95-025e-4106-9c13-1345c76dcbfe,400
bd52cb95-025e-4106-9c13-1345c76dcbfe,401
bd52cb95-025e-4106-9c13-1345c76dcbfe,402
bd52cb95-025e-4106-9c13-1345c76dcbfe,403
bd52cb95-025e-4106-9c13-1345c76dcbfe,404
bd52cb95-025e-4106-9c13-1345c76dcbfe,405
bd52cb95-025e-4106-9c13-1345c76dcbfe,406
bd52cb95-025e-4106-9c13-1345c76dcbfe,407
bd52cb95-025e-4106-9c13-1345c76dcbfe,409
bd52cb95-025e-4106-9c13-1345c76dcbfe,410
bd52cb95-025e-4106-9c13-1345c76dcbfe,411
bd52cb95-025e-4106-9c13-1345c76dcbfe,412
bd52cb95-025e-4106-9c13-1345c76dcbfe,413
6aed9698-9a0c-4956-be0d-ec658bbfe09a,414
6aed9698-9a0c-4956-be0d-ec658bbfe09a,415
6aed9698-9a0c-4956-be0d-ec658bbfe09a,416
6aed9698-9a0c-4956-be0d-ec658bbfe09a,417
6aed9698-9a0c-4956-be0d-ec658bbfe09a,418
2b8ff3a4-e9b0-403d-8bd8-1bf26121c234,419
6aed9698-9a0c-4956-be0d-ec658bbfe09a,419
6aed9698-9a0c-4956-be0d-ec658bbfe09a,421
6aed9698-9a0c-4956-be0d-ec658bbfe09a,422
6aed9698-9a0c-4956-be0d-ec658bbfe09a,420
6aed9698-9a0c-4956-be0d-ec658bbfe09a,423
6aed9698-9a0c-4956-be0d-ec658bbfe09a,424
6aed9698-9a0c-4956-be0d-ec658bbfe09a,425
6aed9698-9a0c-4956-be0d-ec658bbfe09a,426
6aed9698-9a0c-4956-be0d-ec658bbfe09a,427
6aed9698-9a0c-4956-be0d-ec658bbfe09a,428
2575c800-642d-4984-9c56-41601cf07a26,429
6aed9698-9a0c-4956-be0d-ec658bbfe09a,429
6aed9698-9a0c-4956-be0d-ec658bbfe09a,430
6aed9698-9a0c-4956-be0d-ec658bbfe09a,431
6aed9698-9a0c-4956-be0d-ec658bbfe09a,432
6aed9698-9a0c-4956-be0d-ec658bbfe09a,433
6aed9698-9a0c-4956-be0d-ec658bbfe09a,434
6aed9698-9a0c-4956-be0d-ec658bbfe09a,435
6aed9698-9a0c-4956-be0d-ec658bbfe09a,436
6aed9698-9a0c-4956-be0d-ec658bbfe09a,437
6aed9698-9a0c-4956-be0d-ec658bbfe09a,438
2575c800-642d-4984-9c56-41601cf07a26,439
6aed9698-9a0c-4956-be0d-ec658bbfe09a,439
1c4bfd79-4336-4b17-a672-9acb465f15c0,440
1c4bfd79-4336-4b17-a672-9acb465f15c0,441
1c4bfd79-4336-4b17-a672-9acb465f15c0,442
1c4bfd79-4336-4b17-a672-9acb465f15c0,443
1c4bfd79-4336-4b17-a672-9acb465f15c0,444
06d038a4-f659-4c53-8a6d-58e295ab603f,445
1c4bfd79-4336-4b17-a672-9acb465f15c0,445
1c4bfd79-4336-4b17-a672-9acb465f15c0,446
1c4bfd79-4336-4b17-a672-9acb465f15c0,447
1c4bfd79-4336-4b17-a672-9acb465f15c0,448
1c4bfd79-4336-4b17-a672-9acb465f15c0,449
1c4bfd79-4336-4b17-a672-9acb465f15c0,450
1c4bfd79-4336-4b17-a672-9acb465f15c0,451
1c4bfd79-4336-4b17-a672-9acb465f15c0,452
1c4bfd79-4336-4b17-a672-9acb465f15c0,453
1c4bfd79-4336-4b17-a672-9acb465f15c0,454
1c4bfd79-4336-4b17-a672-9acb465f15c0,455
1c4bfd79-4336-4b17-a672-9acb465f15c0,456
1dbd1112-eb47-4406-936c-6807e8845610,457
1c4bfd79-4336-4b17-a672-9acb465f15c0,457
1c4bfd79-4336-4b17-a672-9acb465f15c0,458
1c4bfd79-4336-4b17-a672-9acb465f15c0,459
1c4bfd79-4336-4b17-a672-9acb465f15c0,460
1c4bfd79-4336-4b17-a672-9acb465f15c0,461
b2431f12-bff1-4a97-af68-defe62b81aee,462
1b45e3f5-b8cd-4c0d-a444-2901304f76ee,463
c596539b-3ceb-497c-9a43-e71d6b0f65a6,464
a4c1604d-b01f-46ef-baf3-74d2a8046d6b,478
22ec9269-2fff-4dbf-a9c7-5037559a15ee,493
22ec9269-2fff-4dbf-a9c7-5037559a15ee,494
22ec9269-2fff-4dbf-a9c7-5037559a15ee,495
22ec9269-2fff-4dbf-a9c7-5037559a15ee,496
22ec9269-2fff-4dbf-a9c7-5037559a15ee,497
689427b5-8d2a-44f3-b291-6db6ba598305,498
22ec9269-2fff-4dbf-a9c7-5037559a15ee,499
22ec9269-2fff-4dbf-a9c7-5037559a15ee,500
22ec9269-2fff-4dbf-a9c7-5037559a15ee,501
22ec9269-2fff-4dbf-a9c7-5037559a15ee,502
22ec9269-2fff-4dbf-a9c7-5037559a15ee,503
22ec9269-2fff-4dbf-a9c7-5037559a15ee,504
22ec9269-2fff-4dbf-a9c7-5037559a15ee,498
22ec9269-2fff-4dbf-a9c7-5037559a15ee,505
22ec9269-2fff-4dbf-a9c7-5037559a15ee,506
22ec9269-2fff-4dbf-a9c7-5037559a15ee,507
22ec9269-2fff-4dbf-a9c7-5037559a15ee,508
22ec9269-2fff-4dbf-a9c7-5037559a15ee,509
22ec9269-2fff-4dbf-a9c7-5037559a15ee,510
22ec9269-2fff-4dbf-a9c7-5037559a15ee,511
22ec9269-2fff-4dbf-a9c7-5037559a15ee,512
22ec9269-2fff-4dbf-a9c7-5037559a15ee,513
22ec9269-2fff-4dbf-a9c7-5037559a15ee,514
22ec9269-2fff-4dbf-a9c7-5037559a15ee,515
22ec9269-2fff-4dbf-a9c7-5037559a15ee,516
22ec9269-2fff-4dbf-a9c7-5037559a15ee,517
22ec9269-2fff-4dbf-a9c7-5037559a15ee,518
22ec9269-2fff-4dbf-a9c7-5037559a15ee,519
51cfa226-5179-4a05-aa13-4a53f8de6404,522
51cfa226-5179-4a05-aa13-4a53f8de6404,530
1b45e3f5-b8cd-4c0d-a444-2901304f76ee,552
a4c1604d-b01f-46ef-baf3-74d2a8046d6b,564
06d038a4-f659-4c53-8a6d-58e295ab603f,571
25a5a0d6-404b-419c-9502-b246525617a2,572
1b45e3f5-b8cd-4c0d-a444-2901304f76ee,574
1b45e3f5-b8cd-4c0d-a444-2901304f76ee,575
1b45e3f5-b8cd-4c0d-a444-2901304f76ee,576
1b45e3f5-b8cd-4c0d-a444-2901304f76ee,577
1b45e3f5-b8cd-4c0d-a444-2901304f76ee,578
1b45e3f5-b8cd-4c0d-a444-2901304f76ee,579
1b45e3f5-b8cd-4c0d-a444-2901304f76ee,580
1b45e3f5-b8cd-4c0d-a444-2901304f76ee,581
a22e85da-82e3-410d-8ef1-31407362ba19,583
1b45e3f5-b8cd-4c0d-a444-2901304f76ee,583
1b45e3f5-b8cd-4c0d-a444-2901304f76ee,584
1b45e3f5-b8cd-4c0d-a444-2901304f76ee,585
1b45e3f5-b8cd-4c0d-a444-2901304f76ee,587
1b45e3f5-b8cd-4c0d-a444-2901304f76ee,588
1b45e3f5-b8cd-4c0d-a444-2901304f76ee,589
1b45e3f5-b8cd-4c0d-a444-2901304f76ee,591
1b45e3f5-b8cd-4c0d-a444-2901304f76ee,593
1b45e3f5-b8cd-4c0d-a444-2901304f76ee,594
cf6cfa0b-e3ac-4164-8de2-b956d8e23825,596
1b45e3f5-b8cd-4c0d-a444-2901304f76ee,596
1b45e3f5-b8cd-4c0d-a444-2901304f76ee,597
1b45e3f5-b8cd-4c0d-a444-2901304f76ee,598
1b45e3f5-b8cd-4c0d-a444-2901304f76ee,599
1b45e3f5-b8cd-4c0d-a444-2901304f76ee,600
4f09aa86-7e7b-463b-b9aa-a7dc7909aa71,601
3dac6e0e-2770-4c5e-b32a-d7750523516f,602
3dac6e0e-2770-4c5e-b32a-d7750523516f,603
3dac6e0e-2770-4c5e-b32a-d7750523516f,604
3dac6e0e-2770-4c5e-b32a-d7750523516f,605
3dac6e0e-2770-4c5e-b32a-d7750523516f,606
3dac6e0e-2770-4c5e-b32a-d7750523516f,607
3dac6e0e-2770-4c5e-b32a-d7750523516f,608
3dac6e0e-2770-4c5e-b32a-d7750523516f,609
3dac6e0e-2770-4c5e-b32a-d7750523516f,610
3dac6e0e-2770-4c5e-b32a-d7750523516f,611
c90e23c6-5bf4-4d6f-97d8-b162b8a5b03e,612
3dac6e0e-2770-4c5e-b32a-d7750523516f,612
3dac6e0e-2770-4c5e-b32a-d7750523516f,613
3dac6e0e-2770-4c5e-b32a-d7750523516f,614
3dac6e0e-2770-4c5e-b32a-d7750523516f,615
3dac6e0e-2770-4c5e-b32a-d7750523516f,616
3dac6e0e-2770-4c5e-b32a-d7750523516f,617
3dac6e0e-2770-4c5e-b32a-d7750523516f,618
3dac6e0e-2770-4c5e-b32a-d7750523516f,619
3dac6e0e-2770-4c5e-b32a-d7750523516f,620
3dac6e0e-2770-4c5e-b32a-d7750523516f,621
3dac6e0e-2770-4c5e-b32a-d7750523516f,622
3dac6e0e-2770-4c5e-b32a-d7750523516f,623
3dac6e0e-2770-4c5e-b32a-d7750523516f,624
3dac6e0e-2770-4c5e-b32a-d7750523516f,625
3dac6e0e-2770-4c5e-b32a-d7750523516f,626
3dac6e0e-2770-4c5e-b32a-d7750523516f,627
3dac6e0e-2770-4c5e-b32a-d7750523516f,628
3dac6e0e-2770-4c5e-b32a-d7750523516f,629
59264501-60c6-4666-87c2-73d7a42a4ff0,630
3dac6e0e-2770-4c5e-b32a-d7750523516f,630
3dac6e0e-2770-4c5e-b32a-d7750523516f,631
4f09aa86-7e7b-463b-b9aa-a7dc7909aa71,632
6ec63914-1f4e-4708-8830-1b054c2ee03a,635
92f6c3f3-0ad2-40fc-b278-69170f87567d,637
79ebe3ed-0527-4160-9af6-be0b0853b00e,644
5e271e6a-7a91-47bd-9f12-3b73f4e0d7ac,655
5e271e6a-7a91-47bd-9f12-3b73f4e0d7ac,656
5e271e6a-7a91-47bd-9f12-3b73f4e0d7ac,657
5e271e6a-7a91-47bd-9f12-3b73f4e0d7ac,658
5e271e6a-7a91-47bd-9f12-3b73f4e0d7ac,659
5e271e6a-7a91-47bd-9f12-3b73f4e0d7ac,660
5e271e6a-7a91-47bd-9f12-3b73f4e0d7ac,661
9027b41a-4159-4db7-9ddd-8fc8f41f1fb3,662
5e271e6a-7a91-47bd-9f12-3b73f4e0d7ac,662
5e271e6a-7a91-47bd-9f12-3b73f4e0d7ac,663
5e271e6a-7a91-47bd-9f12-3b73f4e0d7ac,664
5e271e6a-7a91-47bd-9f12-3b73f4e0d7ac,665
5e271e6a-7a91-47bd-9f12-3b73f4e0d7ac,666
9027b41a-4159-4db7-9ddd-8fc8f41f1fb3,667
5e271e6a-7a91-47bd-9f12-3b73f4e0d7ac,667
5e271e6a-7a91-47bd-9f12-3b73f4e0d7ac,668
5e271e6a-7a91-47bd-9f12-3b73f4e0d7ac,669
5e271e6a-7a91-47bd-9f12-3b73f4e0d7ac,670
5e271e6a-7a91-47bd-9f12-3b73f4e0d7ac,671
5e271e6a-7a91-47bd-9f12-3b73f4e0d7ac,672
5e271e6a-7a91-47bd-9f12-3b73f4e0d7ac,673
5e271e6a-7a91-47bd-9f12-3b73f4e0d7ac,674
5e271e6a-7a91-47bd-9f12-3b73f4e0d7ac,675
5c50bbc9-ed3d-417f-ba4d-e484eaf536b3,692
4e33d926-364b-47b8-97d7-409c16b62db9,699
d55dab65-fffe-4da4-a383-cfcf5ee3a8cd,702
410df04c-bc1d-4cd3-9726-c35469ddab8c,705
4f09aa86-7e7b-463b-b9aa-a7dc7909aa71,706
5c50bbc9-ed3d-417f-ba4d-e484eaf536b3,707
cf5e1d64-5489-4534-ba34-8dba5fd354a6,708
a420ffb3-2ca6-4925-a25f-baaa5228fc15,709
cf5e1d64-5489-4534-ba34-8dba5fd354a6,710
cf5e1d64-5489-4534-ba34-8dba5fd354a6,709
cf5e1d64-5489-4534-ba34-8dba5fd354a6,711
cf5e1d64-5489-4534-ba34-8dba5fd354a6,712
cf5e1d64-5489-4534-ba34-8dba5fd354a6,713
cf5e1d64-5489-4534-ba34-8dba5fd354a6,714
cf5e1d64-5489-4534-ba34-8dba5fd354a6,715
cf5e1d64-5489-4534-ba34-8dba5fd354a6,716
a0e31b8c-3d9c-4b68-834d-d4c06914b69f,717
cf5e1d64-5489-4534-ba34-8dba5fd354a6,717
cf5e1d64-5489-4534-ba34-8dba5fd354a6,718
cf5e1d64-5489-4534-ba34-8dba5fd354a6,719
cf5e1d64-5489-4534-ba34-8dba5fd354a6,720
cf5e1d64-5489-4534-ba34-8dba5fd354a6,721
cf5e1d64-5489-4534-ba34-8dba5fd354a6,722
cf5e1d64-5489-4534-ba34-8dba5fd354a6,723
cf5e1d64-5489-4534-ba34-8dba5fd354a6,724
cf5e1d64-5489-4534-ba34-8dba5fd354a6,725
cf5e1d64-5489-4534-ba34-8dba5fd354a6,726
cf5e1d64-5489-4534-ba34-8dba5fd354a6,727
cf5e1d64-5489-4534-ba34-8dba5fd354a6,728
cf5e1d64-5489-4534-ba34-8dba5fd354a6,729
cf5e1d64-5489-4534-ba34-8dba5fd354a6,730
cf5e1d64-5489-4534-ba34-8dba5fd354a6,731
cf5e1d64-5489-4534-ba34-8dba5fd354a6,732
cf5e1d64-5489-4534-ba34-8dba5fd354a6,733
cf5e1d64-5489-4534-ba34-8dba5fd354a6,734
cf5e1d64-5489-4534-ba34-8dba5fd354a6,735
cf5e1d64-5489-4534-ba34-8dba5fd354a6,736
cf5e1d64-5489-4534-ba34-8dba5fd354a6,737
cf5e1d64-5489-4534-ba34-8dba5fd354a6,738
cf5e1d64-5489-4534-ba34-8dba5fd354a6,739
b2b68ce2-6257-45bf-ab48-dc17d05c885e,756
44c88dce-966d-46f3-88a8-2014e39197b9,774
cf5e1d64-5489-4534-ba34-8dba5fd354a6,775
2ef641d0-bd79-425b-8b12-b58d74b993ae,776
2ef641d0-bd79-425b-8b12-b58d74b993ae,777
2ef641d0-bd79-425b-8b12-b58d74b993ae,778
2ef641d0-bd79-425b-8b12-b58d74b993ae,779
2ef641d0-bd79-425b-8b12-b58d74b993ae,780
2ef641d0-bd79-425b-8b12-b58d74b993ae,781
2ef641d0-bd79-425b-8b12-b58d74b993ae,782
2ef641d0-bd79-425b-8b12-b58d74b993ae,783
2ef641d0-bd79-425b-8b12-b58d74b993ae,784
2ef641d0-bd79-425b-8b12-b58d74b993ae,785
2ef641d0-bd79-425b-8b12-b58d74b993ae,786
2ef641d0-bd79-425b-8b12-b58d74b993ae,787
2ef641d0-bd79-425b-8b12-b58d74b993ae,788
2ef641d0-bd79-425b-8b12-b58d74b993ae,789
2ef641d0-bd79-425b-8b12-b58d74b993ae,790
2ef641d0-bd79-425b-8b12-b58d74b993ae,791
2ef641d0-bd79-425b-8b12-b58d74b993ae,792
2ef641d0-bd79-425b-8b12-b58d74b993ae,793
2ef641d0-bd79-425b-8b12-b58d74b993ae,794
2ef641d0-bd79-425b-8b12-b58d74b993ae,795
2ef641d0-bd79-425b-8b12-b58d74b993ae,796
2ef641d0-bd79-425b-8b12-b58d74b993ae,797
10e4fc8e-556f-4104-b744-409caedc2276,803
2ef641d0-bd79-425b-8b12-b58d74b993ae,799
2ef641d0-bd79-425b-8b12-b58d74b993ae,800
2ef641d0-bd79-425b-8b12-b58d74b993ae,801
2ef641d0-bd79-425b-8b12-b58d74b993ae,802
2ef641d0-bd79-425b-8b12-b58d74b993ae,803
2ef641d0-bd79-425b-8b12-b58d74b993ae,804
cf5e1d64-5489-4534-ba34-8dba5fd354a6,806
54e42219-4e3f-42cd-a19d-66c82ee60654,807
54e42219-4e3f-42cd-a19d-66c82ee60654,808
7dd48cfe-3069-4563-bef4-ef661c18387a,809
54e42219-4e3f-42cd-a19d-66c82ee60654,809
54e42219-4e3f-42cd-a19d-66c82ee60654,810
54e42219-4e3f-42cd-a19d-66c82ee60654,811
54e42219-4e3f-42cd-a19d-66c82ee60654,812
54e42219-4e3f-42cd-a19d-66c82ee60654,813
54e42219-4e3f-42cd-a19d-66c82ee60654,814
54e42219-4e3f-42cd-a19d-66c82ee60654,815
54e42219-4e3f-42cd-a19d-66c82ee60654,816
54e42219-4e3f-42cd-a19d-66c82ee60654,817
54e42219-4e3f-42cd-a19d-66c82ee60654,818
54e42219-4e3f-42cd-a19d-66c82ee60654,819
54e42219-4e3f-42cd-a19d-66c82ee60654,820
54e42219-4e3f-42cd-a19d-66c82ee60654,821
54e42219-4e3f-42cd-a19d-66c82ee60654,822
f14f4742-c9d8-4a34-b8e2-d713c3a1f437,823
3dac6e0e-2770-4c5e-b32a-d7750523516f,824
3dac6e0e-2770-4c5e-b32a-d7750523516f,825
3dac6e0e-2770-4c5e-b32a-d7750523516f,826
3dac6e0e-2770-4c5e-b32a-d7750523516f,827
3dac6e0e-2770-4c5e-b32a-d7750523516f,828
3dac6e0e-2770-4c5e-b32a-d7750523516f,829
3dac6e0e-2770-4c5e-b32a-d7750523516f,830
bc7a60f7-45a0-401f-813f-6b4aa700c849,831
3dac6e0e-2770-4c5e-b32a-d7750523516f,831
3dac6e0e-2770-4c5e-b32a-d7750523516f,832
3dac6e0e-2770-4c5e-b32a-d7750523516f,833
3dac6e0e-2770-4c5e-b32a-d7750523516f,834
3dac6e0e-2770-4c5e-b32a-d7750523516f,835
bc7a60f7-45a0-401f-813f-6b4aa700c849,836
3dac6e0e-2770-4c5e-b32a-d7750523516f,836
3dac6e0e-2770-4c5e-b32a-d7750523516f,837
3dac6e0e-2770-4c5e-b32a-d7750523516f,838
3dac6e0e-2770-4c5e-b32a-d7750523516f,839
3dac6e0e-2770-4c5e-b32a-d7750523516f,840
3dac6e0e-2770-4c5e-b32a-d7750523516f,841
bc7a60f7-45a0-401f-813f-6b4aa700c849,843
3dac6e0e-2770-4c5e-b32a-d7750523516f,843
605b59ab-91b4-4f8e-bb12-df68ce0491c5,844
9734ef6f-09d1-4ca1-b968-6ad34872d504,845
9734ef6f-09d1-4ca1-b968-6ad34872d504,846
9734ef6f-09d1-4ca1-b968-6ad34872d504,847
9734ef6f-09d1-4ca1-b968-6ad34872d504,848
9734ef6f-09d1-4ca1-b968-6ad34872d504,849
9734ef6f-09d1-4ca1-b968-6ad34872d504,850
9734ef6f-09d1-4ca1-b968-6ad34872d504,851
9734ef6f-09d1-4ca1-b968-6ad34872d504,844
9734ef6f-09d1-4ca1-b968-6ad34872d504,852
9734ef6f-09d1-4ca1-b968-6ad34872d504,853
9734ef6f-09d1-4ca1-b968-6ad34872d504,854
9734ef6f-09d1-4ca1-b968-6ad34872d504,855
9734ef6f-09d1-4ca1-b968-6ad34872d504,856
9734ef6f-09d1-4ca1-b968-6ad34872d504,858
9734ef6f-09d1-4ca1-b968-6ad34872d504,859
9734ef6f-09d1-4ca1-b968-6ad34872d504,860
9734ef6f-09d1-4ca1-b968-6ad34872d504,857
9734ef6f-09d1-4ca1-b968-6ad34872d504,861
9734ef6f-09d1-4ca1-b968-6ad34872d504,862
9734ef6f-09d1-4ca1-b968-6ad34872d504,863
9734ef6f-09d1-4ca1-b968-6ad34872d504,864
9734ef6f-09d1-4ca1-b968-6ad34872d504,865
9734ef6f-09d1-4ca1-b968-6ad34872d504,866
9734ef6f-09d1-4ca1-b968-6ad34872d504,867
9734ef6f-09d1-4ca1-b968-6ad34872d504,868
9734ef6f-09d1-4ca1-b968-6ad34872d504,869
9734ef6f-09d1-4ca1-b968-6ad34872d504,870
54728da8-274d-40e6-b119-23318d995721,877
9734ef6f-09d1-4ca1-b968-6ad34872d504,872
9734ef6f-09d1-4ca1-b968-6ad34872d504,873
9734ef6f-09d1-4ca1-b968-6ad34872d504,874
9734ef6f-09d1-4ca1-b968-6ad34872d504,875
9734ef6f-09d1-4ca1-b968-6ad34872d504,876
9734ef6f-09d1-4ca1-b968-6ad34872d504,877
3dac6e0e-2770-4c5e-b32a-d7750523516f,878
3dac6e0e-2770-4c5e-b32a-d7750523516f,879
3dac6e0e-2770-4c5e-b32a-d7750523516f,880
3dac6e0e-2770-4c5e-b32a-d7750523516f,881
3dac6e0e-2770-4c5e-b32a-d7750523516f,882
3dac6e0e-2770-4c5e-b32a-d7750523516f,883
3dac6e0e-2770-4c5e-b32a-d7750523516f,884
3dac6e0e-2770-4c5e-b32a-d7750523516f,885
3dac6e0e-2770-4c5e-b32a-d7750523516f,886
3dac6e0e-2770-4c5e-b32a-d7750523516f,887
3dac6e0e-2770-4c5e-b32a-d7750523516f,888
3dac6e0e-2770-4c5e-b32a-d7750523516f,889
3dac6e0e-2770-4c5e-b32a-d7750523516f,890
3dac6e0e-2770-4c5e-b32a-d7750523516f,891
3dac6e0e-2770-4c5e-b32a-d7750523516f,892
3dac6e0e-2770-4c5e-b32a-d7750523516f,893
3dac6e0e-2770-4c5e-b32a-d7750523516f,894
3dac6e0e-2770-4c5e-b32a-d7750523516f,895
3dac6e0e-2770-4c5e-b32a-d7750523516f,896
3dac6e0e-2770-4c5e-b32a-d7750523516f,897
3dac6e0e-2770-4c5e-b32a-d7750523516f,898
3dac6e0e-2770-4c5e-b32a-d7750523516f,899
3dac6e0e-2770-4c5e-b32a-d7750523516f,900
3dac6e0e-2770-4c5e-b32a-d7750523516f,901
3dac6e0e-2770-4c5e-b32a-d7750523516f,902
3dac6e0e-2770-4c5e-b32a-d7750523516f,903
3dac6e0e-2770-4c5e-b32a-d7750523516f,904
3dac6e0e-2770-4c5e-b32a-d7750523516f,905
3dac6e0e-2770-4c5e-b32a-d7750523516f,906
3dac6e0e-2770-4c5e-b32a-d7750523516f,907
3dac6e0e-2770-4c5e-b32a-d7750523516f,908
3dac6e0e-2770-4c5e-b32a-d7750523516f,909
3dac6e0e-2770-4c5e-b32a-d7750523516f,910
3dac6e0e-2770-4c5e-b32a-d7750523516f,911
2fa5dc89-7d78-45d0-96c7-e8f39b78dd3e,913
2fa5dc89-7d78-45d0-96c7-e8f39b78dd3e,914
2fa5dc89-7d78-45d0-96c7-e8f39b78dd3e,915
2fa5dc89-7d78-45d0-96c7-e8f39b78dd3e,916
2fa5dc89-7d78-45d0-96c7-e8f39b78dd3e,917
2fa5dc89-7d78-45d0-96c7-e8f39b78dd3e,918
2fa5dc89-7d78-45d0-96c7-e8f39b78dd3e,919
2fa5dc89-7d78-45d0-96c7-e8f39b78dd3e,920
2fa5dc89-7d78-45d0-96c7-e8f39b78dd3e,921
2fa5dc89-7d78-45d0-96c7-e8f39b78dd3e,922
2fa5dc89-7d78-45d0-96c7-e8f39b78dd3e,923
2fa5dc89-7d78-45d0-96c7-e8f39b78dd3e,924
2fa5dc89-7d78-45d0-96c7-e8f39b78dd3e,925
2fa5dc89-7d78-45d0-96c7-e8f39b78dd3e,926
2fa5dc89-7d78-45d0-96c7-e8f39b78dd3e,927
2fa5dc89-7d78-45d0-96c7-e8f39b78dd3e,928
2fa5dc89-7d78-45d0-96c7-e8f39b78dd3e,929
2fa5dc89-7d78-45d0-96c7-e8f39b78dd3e,930
2fa5dc89-7d78-45d0-96c7-e8f39b78dd3e,931
2fa5dc89-7d78-45d0-96c7-e8f39b78dd3e,932
2fa5dc89-7d78-45d0-96c7-e8f39b78dd3e,933
2fa5dc89-7d78-45d0-96c7-e8f39b78dd3e,934
2fa5dc89-7d78-45d0-96c7-e8f39b78dd3e,935
4d7fda5a-3cf4-4d39-9daf-1ae192b0e0e7,937
2fa5dc89-7d78-45d0-96c7-e8f39b78dd3e,937
2fa5dc89-7d78-45d0-96c7-e8f39b78dd3e,938
2fa5dc89-7d78-45d0-96c7-e8f39b78dd3e,939
4d7fda5a-3cf4-4d39-9daf-1ae192b0e0e7,940
4d7fda5a-3cf4-4d39-9daf-1ae192b0e0e7,941
4d7fda5a-3cf4-4d39-9daf-1ae192b0e0e7,942
4d7fda5a-3cf4-4d39-9daf-1ae192b0e0e7,943
4d7fda5a-3cf4-4d39-9daf-1ae192b0e0e7,944
4d7fda5a-3cf4-4d39-9daf-1ae192b0e0e7,945
4d7fda5a-3cf4-4d39-9daf-1ae192b0e0e7,946
4d7fda5a-3cf4-4d39-9daf-1ae192b0e0e7,947
4d7fda5a-3cf4-4d39-9daf-1ae192b0e0e7,948
879e7ac4-e64c-4c5f-9591-421e56cd0678,949
4d7fda5a-3cf4-4d39-9daf-1ae192b0e0e7,950
4d7fda5a-3cf4-4d39-9daf-1ae192b0e0e7,951
4d7fda5a-3cf4-4d39-9daf-1ae192b0e0e7,949
4d7fda5a-3cf4-4d39-9daf-1ae192b0e0e7,952
4d7fda5a-3cf4-4d39-9daf-1ae192b0e0e7,953
4d7fda5a-3cf4-4d39-9daf-1ae192b0e0e7,954
4d7fda5a-3cf4-4d39-9daf-1ae192b0e0e7,955
4d7fda5a-3cf4-4d39-9daf-1ae192b0e0e7,956
4d7fda5a-3cf4-4d39-9daf-1ae192b0e0e7,957
4d7fda5a-3cf4-4d39-9daf-1ae192b0e0e7,958
4d7fda5a-3cf4-4d39-9daf-1ae192b0e0e7,959
4d7fda5a-3cf4-4d39-9daf-1ae192b0e0e7,960
4d7fda5a-3cf4-4d39-9daf-1ae192b0e0e7,961
4d7fda5a-3cf4-4d39-9daf-1ae192b0e0e7,962
4d7fda5a-3cf4-4d39-9daf-1ae192b0e0e7,963
4d7fda5a-3cf4-4d39-9daf-1ae192b0e0e7,964
4d7fda5a-3cf4-4d39-9daf-1ae192b0e0e7,965
bd52cb95-025e-4106-9c13-1345c76dcbfe,966
bd52cb95-025e-4106-9c13-1345c76dcbfe,967
bd52cb95-025e-4106-9c13-1345c76dcbfe,978
5ad9c220-e37f-443a-8a31-fc4abf365db5,993
5ad9c220-e37f-443a-8a31-fc4abf365db5,994
5ad9c220-e37f-443a-8a31-fc4abf365db5,995
5ad9c220-e37f-443a-8a31-fc4abf365db5,996
5ad9c220-e37f-443a-8a31-fc4abf365db5,997
5ad9c220-e37f-443a-8a31-fc4abf365db5,998
5ad9c220-e37f-443a-8a31-fc4abf365db5,999
5ad9c220-e37f-443a-8a31-fc4abf365db5,1000
5ad9c220-e37f-443a-8a31-fc4abf365db5,1001
5ad9c220-e37f-443a-8a31-fc4abf365db5,1002
5ad9c220-e37f-443a-8a31-fc4abf365db5,1003
5ad9c220-e37f-443a-8a31-fc4abf365db5,1004
5ad9c220-e37f-443a-8a31-fc4abf365db5,1005
5ad9c220-e37f-443a-8a31-fc4abf365db5,1006
5ad9c220-e37f-443a-8a31-fc4abf365db5,1007
5f52759c-418a-41b7-bbdb-050492677284,1011
5ad9c220-e37f-443a-8a31-fc4abf365db5,1009
5ad9c220-e37f-443a-8a31-fc4abf365db5,1010
5ad9c220-e37f-443a-8a31-fc4abf365db5,1011
5ad9c220-e37f-443a-8a31-fc4abf365db5,1012
5ad9c220-e37f-443a-8a31-fc4abf365db5,1013
5f52759c-418a-41b7-bbdb-050492677284,1014
5f52759c-418a-41b7-bbdb-050492677284,1015
5f52759c-418a-41b7-bbdb-050492677284,1016
5f52759c-418a-41b7-bbdb-050492677284,1017
5f52759c-418a-41b7-bbdb-050492677284,1018
5f52759c-418a-41b7-bbdb-050492677284,1019
62db65c9-470c-472f-b039-6c4a704ef170,1021
5f52759c-418a-41b7-bbdb-050492677284,1021
62db65c9-470c-472f-b039-6c4a704ef170,1022
5f52759c-418a-41b7-bbdb-050492677284,1023
5f52759c-418a-41b7-bbdb-050492677284,1024
5f52759c-418a-41b7-bbdb-050492677284,1025
5f52759c-418a-41b7-bbdb-050492677284,1026
5f52759c-418a-41b7-bbdb-050492677284,1027
5f52759c-418a-41b7-bbdb-050492677284,1028
5f52759c-418a-41b7-bbdb-050492677284,1029
5f52759c-418a-41b7-bbdb-050492677284,1030
5f52759c-418a-41b7-bbdb-050492677284,1031
5f52759c-418a-41b7-bbdb-050492677284,1032
5f52759c-418a-41b7-bbdb-050492677284,1033
528393a3-e784-47a8-85be-c81d44c393bd,1035
5f52759c-418a-41b7-bbdb-050492677284,1035
5f52759c-418a-41b7-bbdb-050492677284,1036
92f6c3f3-0ad2-40fc-b278-69170f87567d,1064
92f6c3f3-0ad2-40fc-b278-69170f87567d,1065
92f6c3f3-0ad2-40fc-b278-69170f87567d,1066
92f6c3f3-0ad2-40fc-b278-69170f87567d,1067
92f6c3f3-0ad2-40fc-b278-69170f87567d,1068
92f6c3f3-0ad2-40fc-b278-69170f87567d,1069
92f6c3f3-0ad2-40fc-b278-69170f87567d,1070
92f6c3f3-0ad2-40fc-b278-69170f87567d,1071
92f6c3f3-0ad2-40fc-b278-69170f87567d,1072
92f6c3f3-0ad2-40fc-b278-69170f87567d,1073
92f6c3f3-0ad2-40fc-b278-69170f87567d,1074
92f6c3f3-0ad2-40fc-b278-69170f87567d,1075
92f6c3f3-0ad2-40fc-b278-69170f87567d,1076
c90e23c6-5bf4-4d6f-97d8-b162b8a5b03e,1077
c90e23c6-5bf4-4d6f-97d8-b162b8a5b03e,1078
f6921641-1f0a-4e24-a3a9-546e3927ab72,1079
c90e23c6-5bf4-4d6f-97d8-b162b8a5b03e,1080
c90e23c6-5bf4-4d6f-97d8-b162b8a5b03e,1081
c90e23c6-5bf4-4d6f-97d8-b162b8a5b03e,1082
c90e23c6-5bf4-4d6f-97d8-b162b8a5b03e,1083
c90e23c6-5bf4-4d6f-97d8-b162b8a5b03e,1079
c90e23c6-5bf4-4d6f-97d8-b162b8a5b03e,1084
c90e23c6-5bf4-4d6f-97d8-b162b8a5b03e,1085
c90e23c6-5bf4-4d6f-97d8-b162b8a5b03e,1086
c90e23c6-5bf4-4d6f-97d8-b162b8a5b03e,1087
c90e23c6-5bf4-4d6f-97d8-b162b8a5b03e,1088
c90e23c6-5bf4-4d6f-97d8-b162b8a5b03e,1089
410df04c-bc1d-4cd3-9726-c35469ddab8c,1090
c90e23c6-5bf4-4d6f-97d8-b162b8a5b03e,1090
c90e23c6-5bf4-4d6f-97d8-b162b8a5b03e,1091
c90e23c6-5bf4-4d6f-97d8-b162b8a5b03e,1092
c90e23c6-5bf4-4d6f-97d8-b162b8a5b03e,1093
c90e23c6-5bf4-4d6f-97d8-b162b8a5b03e,1094
c90e23c6-5bf4-4d6f-97d8-b162b8a5b03e,1095
a22e85da-82e3-410d-8ef1-31407362ba19,1114
689427b5-8d2a-44f3-b291-6db6ba598305,1126
10003d22-a201-4b64-88e3-b423bc76fcc2,1129
689427b5-8d2a-44f3-b291-6db6ba598305,1128
689427b5-8d2a-44f3-b291-6db6ba598305,1129
689427b5-8d2a-44f3-b291-6db6ba598305,1130
689427b5-8d2a-44f3-b291-6db6ba598305,1131
689427b5-8d2a-44f3-b291-6db6ba598305,1132
689427b5-8d2a-44f3-b291-6db6ba598305,1133
689427b5-8d2a-44f3-b291-6db6ba598305,1134
689427b5-8d2a-44f3-b291-6db6ba598305,1135
689427b5-8d2a-44f3-b291-6db6ba598305,1136
689427b5-8d2a-44f3-b291-6db6ba598305,1137
689427b5-8d2a-44f3-b291-6db6ba598305,1138
689427b5-8d2a-44f3-b291-6db6ba598305,1139
689427b5-8d2a-44f3-b291-6db6ba598305,1140
689427b5-8d2a-44f3-b291-6db6ba598305,1141
689427b5-8d2a-44f3-b291-6db6ba598305,1142
689427b5-8d2a-44f3-b291-6db6ba598305,1143
689427b5-8d2a-44f3-b291-6db6ba598305,1144
689427b5-8d2a-44f3-b291-6db6ba598305,1145
689427b5-8d2a-44f3-b291-6db6ba598305,1146
689427b5-8d2a-44f3-b291-6db6ba598305,1147
689427b5-8d2a-44f3-b291-6db6ba598305,1148
689427b5-8d2a-44f3-b291-6db6ba598305,1149
689427b5-8d2a-44f3-b291-6db6ba598305,1150
1578b20c-b5d0-466f-b114-2582529ddc53,1152
1578b20c-b5d0-466f-b114-2582529ddc53,1153
1578b20c-b5d0-466f-b114-2582529ddc53,1151
1578b20c-b5d0-466f-b114-2582529ddc53,1154
1578b20c-b5d0-466f-b114-2582529ddc53,1155
1578b20c-b5d0-466f-b114-2582529ddc53,1156
1578b20c-b5d0-466f-b114-2582529ddc53,1157
1578b20c-b5d0-466f-b114-2582529ddc53,1158
ddcdfda8-c5ea-4e67-b0ea-21ba86966197,1159
1578b20c-b5d0-466f-b114-2582529ddc53,1160
1578b20c-b5d0-466f-b114-2582529ddc53,1159
1578b20c-b5d0-466f-b114-2582529ddc53,1161
1578b20c-b5d0-466f-b114-2582529ddc53,1162
1578b20c-b5d0-466f-b114-2582529ddc53,1163
1578b20c-b5d0-466f-b114-2582529ddc53,1164
1578b20c-b5d0-466f-b114-2582529ddc53,1165
1578b20c-b5d0-466f-b114-2582529ddc53,1166
1052b289-f510-4c5a-9662-2db48c12ebc2,1167
1578b20c-b5d0-466f-b114-2582529ddc53,1167
35dbc3d0-efc4-4935-960c-beff5c64a758,1168
1578b20c-b5d0-466f-b114-2582529ddc53,1168
1578b20c-b5d0-466f-b114-2582529ddc53,1169
3dac6e0e-2770-4c5e-b32a-d7750523516f,1170
1578b20c-b5d0-466f-b114-2582529ddc53,1170
1578b20c-b5d0-466f-b114-2582529ddc53,1171
4f09aa86-7e7b-463b-b9aa-a7dc7909aa71,1172
1578b20c-b5d0-466f-b114-2582529ddc53,1172
5efe5e56-5ba7-43e0-bd2b-881e088db29e,1175
4e33d926-364b-47b8-97d7-409c16b62db9,1177
9027b41a-4159-4db7-9ddd-8fc8f41f1fb3,1179
9027b41a-4159-4db7-9ddd-8fc8f41f1fb3,1180
fda8c630-1b0a-4910-ae2a-602850616275,1181
fda8c630-1b0a-4910-ae2a-602850616275,1182
fda8c630-1b0a-4910-ae2a-602850616275,1183
fda8c630-1b0a-4910-ae2a-602850616275,1184
fda8c630-1b0a-4910-ae2a-602850616275,1185
fda8c630-1b0a-4910-ae2a-602850616275,1186
fda8c630-1b0a-4910-ae2a-602850616275,1187
fda8c630-1b0a-4910-ae2a-602850616275,1188
fda8c630-1b0a-4910-ae2a-602850616275,1189
fda8c630-1b0a-4910-ae2a-602850616275,1190
fda8c630-1b0a-4910-ae2a-602850616275,1191
fda8c630-1b0a-4910-ae2a-602850616275,1192
fda8c630-1b0a-4910-ae2a-602850616275,1193
c596539b-3ceb-497c-9a43-e71d6b0f65a6,1196
fda8c630-1b0a-4910-ae2a-602850616275,1195
fda8c630-1b0a-4910-ae2a-602850616275,1196
fda8c630-1b0a-4910-ae2a-602850616275,1197
fda8c630-1b0a-4910-ae2a-602850616275,1198
fda8c630-1b0a-4910-ae2a-602850616275,1199
fda8c630-1b0a-4910-ae2a-602850616275,1200
fda8c630-1b0a-4910-ae2a-602850616275,1201
fda8c630-1b0a-4910-ae2a-602850616275,1202
fda8c630-1b0a-4910-ae2a-602850616275,1203
fda8c630-1b0a-4910-ae2a-602850616275,1204
fda8c630-1b0a-4910-ae2a-602850616275,1205
5041f387-908f-4845-9f79-3a6dbd527f4b,1207
b614ac6f-eefa-44a3-8b9a-092b88d86d37,1210
5041f387-908f-4845-9f79-3a6dbd527f4b,1209
5041f387-908f-4845-9f79-3a6dbd527f4b,1210
5041f387-908f-4845-9f79-3a6dbd527f4b,1211
5041f387-908f-4845-9f79-3a6dbd527f4b,1212
5041f387-908f-4845-9f79-3a6dbd527f4b,1213
5041f387-908f-4845-9f79-3a6dbd527f4b,1214
5041f387-908f-4845-9f79-3a6dbd527f4b,1215
90b501a9-4d44-460b-b193-4d7d524bb21b,1218
5041f387-908f-4845-9f79-3a6dbd527f4b,1217
5041f387-908f-4845-9f79-3a6dbd527f4b,1218
5041f387-908f-4845-9f79-3a6dbd527f4b,1219
5041f387-908f-4845-9f79-3a6dbd527f4b,1220
5041f387-908f-4845-9f79-3a6dbd527f4b,1221
5041f387-908f-4845-9f79-3a6dbd527f4b,1222
5041f387-908f-4845-9f79-3a6dbd527f4b,1223
5041f387-908f-4845-9f79-3a6dbd527f4b,1224
5041f387-908f-4845-9f79-3a6dbd527f4b,1226
0c46864b-a7f8-4439-aeda-0781f77bfe88,1227
0c46864b-a7f8-4439-aeda-0781f77bfe88,1228
0c46864b-a7f8-4439-aeda-0781f77bfe88,1229
0c46864b-a7f8-4439-aeda-0781f77bfe88,1230
0c46864b-a7f8-4439-aeda-0781f77bfe88,1231
0c46864b-a7f8-4439-aeda-0781f77bfe88,1232
0c46864b-a7f8-4439-aeda-0781f77bfe88,1233
0c46864b-a7f8-4439-aeda-0781f77bfe88,1234
0c46864b-a7f8-4439-aeda-0781f77bfe88,1235
0c46864b-a7f8-4439-aeda-0781f77bfe88,1236
0c46864b-a7f8-4439-aeda-0781f77bfe88,1237
0c46864b-a7f8-4439-aeda-0781f77bfe88,1238
0c46864b-a7f8-4439-aeda-0781f77bfe88,1239
0c46864b-a7f8-4439-aeda-0781f77bfe88,1240
0c46864b-a7f8-4439-aeda-0781f77bfe88,1241
0c46864b-a7f8-4439-aeda-0781f77bfe88,1242
0c46864b-a7f8-4439-aeda-0781f77bfe88,1243
0c46864b-a7f8-4439-aeda-0781f77bfe88,1244
0c46864b-a7f8-4439-aeda-0781f77bfe88,1245
0c46864b-a7f8-4439-aeda-0781f77bfe88,1246
0c46864b-a7f8-4439-aeda-0781f77bfe88,1247
0c46864b-a7f8-4439-aeda-0781f77bfe88,1248
0c46864b-a7f8-4439-aeda-0781f77bfe88,1249
0c46864b-a7f8-4439-aeda-0781f77bfe88,1250
0c46864b-a7f8-4439-aeda-0781f77bfe88,1251
0c46864b-a7f8-4439-aeda-0781f77bfe88,1252
0c46864b-a7f8-4439-aeda-0781f77bfe88,1253
0c46864b-a7f8-4439-aeda-0781f77bfe88,1254
0c46864b-a7f8-4439-aeda-0781f77bfe88,1255
9cf737ee-bd9a-4f7e-b865-b6ff6ed01fde,1265
d55dab65-fffe-4da4-a383-cfcf5ee3a8cd,1274
4e33d926-364b-47b8-97d7-409c16b62db9,1275
4e33d926-364b-47b8-97d7-409c16b62db9,1276
4e33d926-364b-47b8-97d7-409c16b62db9,1277
4e33d926-364b-47b8-97d7-409c16b62db9,1278
4e33d926-364b-47b8-97d7-409c16b62db9,1279
4e33d926-364b-47b8-97d7-409c16b62db9,1274
4e33d926-364b-47b8-97d7-409c16b62db9,1280
4e33d926-364b-47b8-97d7-409c16b62db9,1281
4e33d926-364b-47b8-97d7-409c16b62db9,1282
4e33d926-364b-47b8-97d7-409c16b62db9,1283
54728da8-274d-40e6-b119-23318d995721,1285
4e33d926-364b-47b8-97d7-409c16b62db9,1285
4e33d926-364b-47b8-97d7-409c16b62db9,1286
4e33d926-364b-47b8-97d7-409c16b62db9,1287
79ebe3ed-0527-4160-9af6-be0b0853b00e,1288
4e33d926-364b-47b8-97d7-409c16b62db9,1288
4e33d926-364b-47b8-97d7-409c16b62db9,1289
4e33d926-364b-47b8-97d7-409c16b62db9,1290
4e33d926-364b-47b8-97d7-409c16b62db9,1291
79ebe3ed-0527-4160-9af6-be0b0853b00e,1292
4e33d926-364b-47b8-97d7-409c16b62db9,1292
4e33d926-364b-47b8-97d7-409c16b62db9,1293
4e33d926-364b-47b8-97d7-409c16b62db9,1294
4e33d926-364b-47b8-97d7-409c16b62db9,1295
4e33d926-364b-47b8-97d7-409c16b62db9,1296
54728da8-274d-40e6-b119-23318d995721,1298
4e33d926-364b-47b8-97d7-409c16b62db9,1298
4e33d926-364b-47b8-97d7-409c16b62db9,1299
4e33d926-364b-47b8-97d7-409c16b62db9,1300
4e33d926-364b-47b8-97d7-409c16b62db9,1301
4e33d926-364b-47b8-97d7-409c16b62db9,1302
4e33d926-364b-47b8-97d7-409c16b62db9,1303
42147e05-f94c-471d-a889-c57a01e4bdd0,1304
42147e05-f94c-471d-a889-c57a01e4bdd0,1305
42147e05-f94c-471d-a889-c57a01e4bdd0,1306
42147e05-f94c-471d-a889-c57a01e4bdd0,1307
42147e05-f94c-471d-a889-c57a01e4bdd0,1308
42147e05-f94c-471d-a889-c57a01e4bdd0,1309
42147e05-f94c-471d-a889-c57a01e4bdd0,1310
42147e05-f94c-471d-a889-c57a01e4bdd0,1311
42147e05-f94c-471d-a889-c57a01e4bdd0,1312
42147e05-f94c-471d-a889-c57a01e4bdd0,1313
42147e05-f94c-471d-a889-c57a01e4bdd0,1314
42147e05-f94c-471d-a889-c57a01e4bdd0,1315
42147e05-f94c-471d-a889-c57a01e4bdd0,1316
42147e05-f94c-471d-a889-c57a01e4bdd0,1317
42147e05-f94c-471d-a889-c57a01e4bdd0,1318
42147e05-f94c-471d-a889-c57a01e4bdd0,1319
42147e05-f94c-471d-a889-c57a01e4bdd0,1320
42147e05-f94c-471d-a889-c57a01e4bdd0,1321
42147e05-f94c-471d-a889-c57a01e4bdd0,1322
42147e05-f94c-471d-a889-c57a01e4bdd0,1323
42147e05-f94c-471d-a889-c57a01e4bdd0,1324
42147e05-f94c-471d-a889-c57a01e4bdd0,1325
42147e05-f94c-471d-a889-c57a01e4bdd0,1326
80784458-06f6-4eff-b0c8-df982ffa9835,1327
42147e05-f94c-471d-a889-c57a01e4bdd0,1327
42147e05-f94c-471d-a889-c57a01e4bdd0,1328
42147e05-f94c-471d-a889-c57a01e4bdd0,1329
42147e05-f94c-471d-a889-c57a01e4bdd0,1330
42147e05-f94c-471d-a889-c57a01e4bdd0,1331
1e0534b4-fe3e-4c5e-ad6d-5f1c7df6a14e,1332
1e0534b4-fe3e-4c5e-ad6d-5f1c7df6a14e,1333
689427b5-8d2a-44f3-b291-6db6ba598305,1334
689427b5-8d2a-44f3-b291-6db6ba598305,1335
689427b5-8d2a-44f3-b291-6db6ba598305,1336
689427b5-8d2a-44f3-b291-6db6ba598305,1337
689427b5-8d2a-44f3-b291-6db6ba598305,1338
689427b5-8d2a-44f3-b291-6db6ba598305,1339
689427b5-8d2a-44f3-b291-6db6ba598305,1340
689427b5-8d2a-44f3-b291-6db6ba598305,1341
689427b5-8d2a-44f3-b291-6db6ba598305,1342
689427b5-8d2a-44f3-b291-6db6ba598305,1343
689427b5-8d2a-44f3-b291-6db6ba598305,1344
689427b5-8d2a-44f3-b291-6db6ba598305,1345
689427b5-8d2a-44f3-b291-6db6ba598305,1346
689427b5-8d2a-44f3-b291-6db6ba598305,1347
689427b5-8d2a-44f3-b291-6db6ba598305,1348
689427b5-8d2a-44f3-b291-6db6ba598305,1349
689427b5-8d2a-44f3-b291-6db6ba598305,1350
689427b5-8d2a-44f3-b291-6db6ba598305,1351
689427b5-8d2a-44f3-b291-6db6ba598305,1352
689427b5-8d2a-44f3-b291-6db6ba598305,1353
689427b5-8d2a-44f3-b291-6db6ba598305,1354
689427b5-8d2a-44f3-b291-6db6ba598305,1355
689427b5-8d2a-44f3-b291-6db6ba598305,1356
689427b5-8d2a-44f3-b291-6db6ba598305,1357
d05daa00-c3d6-4a89-ba14-cfd1847fb0cc,1359
d05daa00-c3d6-4a89-ba14-cfd1847fb0cc,1360
d05daa00-c3d6-4a89-ba14-cfd1847fb0cc,1358
d05daa00-c3d6-4a89-ba14-cfd1847fb0cc,1361
d05daa00-c3d6-4a89-ba14-cfd1847fb0cc,1362
d05daa00-c3d6-4a89-ba14-cfd1847fb0cc,1363
d05daa00-c3d6-4a89-ba14-cfd1847fb0cc,1364
d05daa00-c3d6-4a89-ba14-cfd1847fb0cc,1365
fb4b9d17-f1ec-466b-b222-caba06823edc,1367
d05daa00-c3d6-4a89-ba14-cfd1847fb0cc,1367
d05daa00-c3d6-4a89-ba14-cfd1847fb0cc,1368
d05daa00-c3d6-4a89-ba14-cfd1847fb0cc,1369
d05daa00-c3d6-4a89-ba14-cfd1847fb0cc,1370
a39b94ff-e1b6-4b96-8404-486167a9123d,1372
d05daa00-c3d6-4a89-ba14-cfd1847fb0cc,1372
d05daa00-c3d6-4a89-ba14-cfd1847fb0cc,1373
d05daa00-c3d6-4a89-ba14-cfd1847fb0cc,1374
d05daa00-c3d6-4a89-ba14-cfd1847fb0cc,1375
d05daa00-c3d6-4a89-ba14-cfd1847fb0cc,1376
d05daa00-c3d6-4a89-ba14-cfd1847fb0cc,1377
d05daa00-c3d6-4a89-ba14-cfd1847fb0cc,1379
d05daa00-c3d6-4a89-ba14-cfd1847fb0cc,1380
c596539b-3ceb-497c-9a43-e71d6b0f65a6,1382
d05daa00-c3d6-4a89-ba14-cfd1847fb0cc,1382
d05daa00-c3d6-4a89-ba14-cfd1847fb0cc,1383
d05daa00-c3d6-4a89-ba14-cfd1847fb0cc,1384
d05daa00-c3d6-4a89-ba14-cfd1847fb0cc,1385
d05daa00-c3d6-4a89-ba14-cfd1847fb0cc,1386
09ec1bda-4550-4a83-8480-fe742d77e882,1387
09ec1bda-4550-4a83-8480-fe742d77e882,1388
09ec1bda-4550-4a83-8480-fe742d77e882,1389
09ec1bda-4550-4a83-8480-fe742d77e882,1390
09ec1bda-4550-4a83-8480-fe742d77e882,1391
09ec1bda-4550-4a83-8480-fe742d77e882,1392
09ec1bda-4550-4a83-8480-fe742d77e882,1393
09ec1bda-4550-4a83-8480-fe742d77e882,1394
09ec1bda-4550-4a83-8480-fe742d77e882,1395
09ec1bda-4550-4a83-8480-fe742d77e882,1396
09ec1bda-4550-4a83-8480-fe742d77e882,1397
b2b68ce2-6257-45bf-ab48-dc17d05c885e,1399
09ec1bda-4550-4a83-8480-fe742d77e882,1399
09ec1bda-4550-4a83-8480-fe742d77e882,1400
09ec1bda-4550-4a83-8480-fe742d77e882,1401
09ec1bda-4550-4a83-8480-fe742d77e882,1402
09ec1bda-4550-4a83-8480-fe742d77e882,1403
b2b68ce2-6257-45bf-ab48-dc17d05c885e,1404
09ec1bda-4550-4a83-8480-fe742d77e882,1404
09ec1bda-4550-4a83-8480-fe742d77e882,1405
09ec1bda-4550-4a83-8480-fe742d77e882,1406
09ec1bda-4550-4a83-8480-fe742d77e882,1407
09ec1bda-4550-4a83-8480-fe742d77e882,1408
09ec1bda-4550-4a83-8480-fe742d77e882,1410
09ec1bda-4550-4a83-8480-fe742d77e882,1411
09ec1bda-4550-4a83-8480-fe742d77e882,1412
09ec1bda-4550-4a83-8480-fe742d77e882,1413
09ec1bda-4550-4a83-8480-fe742d77e882,1414
5417f888-9371-4933-8a2b-7679eb21bd84,1415
805cae2a-3462-4130-88de-cc7d94aec0a5,1416
b614ac6f-eefa-44a3-8b9a-092b88d86d37,1418
b614ac6f-eefa-44a3-8b9a-092b88d86d37,1417
b614ac6f-eefa-44a3-8b9a-092b88d86d37,1419
b614ac6f-eefa-44a3-8b9a-092b88d86d37,1420
b614ac6f-eefa-44a3-8b9a-092b88d86d37,1421
b614ac6f-eefa-44a3-8b9a-092b88d86d37,1422
b614ac6f-eefa-44a3-8b9a-092b88d86d37,1424
b614ac6f-eefa-44a3-8b9a-092b88d86d37,1425
b614ac6f-eefa-44a3-8b9a-092b88d86d37,1423
b614ac6f-eefa-44a3-8b9a-092b88d86d37,1426
b614ac6f-eefa-44a3-8b9a-092b88d86d37,1427
b614ac6f-eefa-44a3-8b9a-092b88d86d37,1428
b614ac6f-eefa-44a3-8b9a-092b88d86d37,1429
b614ac6f-eefa-44a3-8b9a-092b88d86d37,1430
b614ac6f-eefa-44a3-8b9a-092b88d86d37,1431
b614ac6f-eefa-44a3-8b9a-092b88d86d37,1432
b614ac6f-eefa-44a3-8b9a-092b88d86d37,1433
b614ac6f-eefa-44a3-8b9a-092b88d86d37,1434
b614ac6f-eefa-44a3-8b9a-092b88d86d37,1435
b614ac6f-eefa-44a3-8b9a-092b88d86d37,1436
b614ac6f-eefa-44a3-8b9a-092b88d86d37,1437
b614ac6f-eefa-44a3-8b9a-092b88d86d37,1438
b614ac6f-eefa-44a3-8b9a-092b88d86d37,1439
b614ac6f-eefa-44a3-8b9a-092b88d86d37,1440
b614ac6f-eefa-44a3-8b9a-092b88d86d37,1441
b614ac6f-eefa-44a3-8b9a-092b88d86d37,1442
b614ac6f-eefa-44a3-8b9a-092b88d86d37,1443
b614ac6f-eefa-44a3-8b9a-092b88d86d37,1444
b614ac6f-eefa-44a3-8b9a-092b88d86d37,1445
b614ac6f-eefa-44a3-8b9a-092b88d86d37,1446
b614ac6f-eefa-44a3-8b9a-092b88d86d37,1447
b614ac6f-eefa-44a3-8b9a-092b88d86d37,1448
b614ac6f-eefa-44a3-8b9a-092b88d86d37,1449
b614ac6f-eefa-44a3-8b9a-092b88d86d37,1450
b614ac6f-eefa-44a3-8b9a-092b88d86d37,1451
b614ac6f-eefa-44a3-8b9a-092b88d86d37,1452
b614ac6f-eefa-44a3-8b9a-092b88d86d37,1453
b614ac6f-eefa-44a3-8b9a-092b88d86d37,1454
b614ac6f-eefa-44a3-8b9a-092b88d86d37,1455
1c4bfd79-4336-4b17-a672-9acb465f15c0,1456
1c4bfd79-4336-4b17-a672-9acb465f15c0,1457
1c4bfd79-4336-4b17-a672-9acb465f15c0,1458
1c4bfd79-4336-4b17-a672-9acb465f15c0,1460
1c4bfd79-4336-4b17-a672-9acb465f15c0,1461
1c4bfd79-4336-4b17-a672-9acb465f15c0,1462
1c4bfd79-4336-4b17-a672-9acb465f15c0,1463
1c4bfd79-4336-4b17-a672-9acb465f15c0,1464
1c4bfd79-4336-4b17-a672-9acb465f15c0,1465
1c4bfd79-4336-4b17-a672-9acb465f15c0,1466
1c4bfd79-4336-4b17-a672-9acb465f15c0,1467
1c4bfd79-4336-4b17-a672-9acb465f15c0,1468
1c4bfd79-4336-4b17-a672-9acb465f15c0,1469
1c4bfd79-4336-4b17-a672-9acb465f15c0,1470
1c4bfd79-4336-4b17-a672-9acb465f15c0,1471
1c4bfd79-4336-4b17-a672-9acb465f15c0,1472
1c4bfd79-4336-4b17-a672-9acb465f15c0,1473
1c4bfd79-4336-4b17-a672-9acb465f15c0,1474
1c4bfd79-4336-4b17-a672-9acb465f15c0,1475
1c4bfd79-4336-4b17-a672-9acb465f15c0,1476
1c4bfd79-4336-4b17-a672-9acb465f15c0,1477
1c4bfd79-4336-4b17-a672-9acb465f15c0,1479
1c4bfd79-4336-4b17-a672-9acb465f15c0,1480
80784458-06f6-4eff-b0c8-df982ffa9835,1481
80784458-06f6-4eff-b0c8-df982ffa9835,1482
80784458-06f6-4eff-b0c8-df982ffa9835,1483
80784458-06f6-4eff-b0c8-df982ffa9835,1484
80784458-06f6-4eff-b0c8-df982ffa9835,1485
80784458-06f6-4eff-b0c8-df982ffa9835,1486
80784458-06f6-4eff-b0c8-df982ffa9835,1487
80784458-06f6-4eff-b0c8-df982ffa9835,1488
80784458-06f6-4eff-b0c8-df982ffa9835,1489
80784458-06f6-4eff-b0c8-df982ffa9835,1490
80784458-06f6-4eff-b0c8-df982ffa9835,1491
80784458-06f6-4eff-b0c8-df982ffa9835,1492
80784458-06f6-4eff-b0c8-df982ffa9835,1493
80784458-06f6-4eff-b0c8-df982ffa9835,1494
80784458-06f6-4eff-b0c8-df982ffa9835,1495
80784458-06f6-4eff-b0c8-df982ffa9835,1496
80784458-06f6-4eff-b0c8-df982ffa9835,1497
4e33d926-364b-47b8-97d7-409c16b62db9,1498
80784458-06f6-4eff-b0c8-df982ffa9835,1498
80784458-06f6-4eff-b0c8-df982ffa9835,1499
f14f4742-c9d8-4a34-b8e2-d713c3a1f437,1500
80784458-06f6-4eff-b0c8-df982ffa9835,1500
ef9b447a-d6c4-4250-a506-093730db84d6,1501
d5c3a434-36d5-4861-862d-3c5b3e332121,1502
80784458-06f6-4eff-b0c8-df982ffa9835,1502
443362d7-b255-460d-a559-0fa80a8d9fbc,1503
80784458-06f6-4eff-b0c8-df982ffa9835,1504
80784458-06f6-4eff-b0c8-df982ffa9835,1505
80784458-06f6-4eff-b0c8-df982ffa9835,1503
80784458-06f6-4eff-b0c8-df982ffa9835,1506
80784458-06f6-4eff-b0c8-df982ffa9835,1507
418f030f-2b26-4c74-a77b-c0c87d13f56d,1508
418f030f-2b26-4c74-a77b-c0c87d13f56d,1509
418f030f-2b26-4c74-a77b-c0c87d13f56d,1510
418f030f-2b26-4c74-a77b-c0c87d13f56d,1511
418f030f-2b26-4c74-a77b-c0c87d13f56d,1512
418f030f-2b26-4c74-a77b-c0c87d13f56d,1513
418f030f-2b26-4c74-a77b-c0c87d13f56d,1514
418f030f-2b26-4c74-a77b-c0c87d13f56d,1515
418f030f-2b26-4c74-a77b-c0c87d13f56d,1516
418f030f-2b26-4c74-a77b-c0c87d13f56d,1517
418f030f-2b26-4c74-a77b-c0c87d13f56d,1518
418f030f-2b26-4c74-a77b-c0c87d13f56d,1519
418f030f-2b26-4c74-a77b-c0c87d13f56d,1520
418f030f-2b26-4c74-a77b-c0c87d13f56d,1521
418f030f-2b26-4c74-a77b-c0c87d13f56d,1522
418f030f-2b26-4c74-a77b-c0c87d13f56d,1523
418f030f-2b26-4c74-a77b-c0c87d13f56d,1524
418f030f-2b26-4c74-a77b-c0c87d13f56d,1525
b2b68ce2-6257-45bf-ab48-dc17d05c885e,1526
bdc2cd4a-df05-46ca-b027-b038039a58ec,1527
bdc2cd4a-df05-46ca-b027-b038039a58ec,1528
bdc2cd4a-df05-46ca-b027-b038039a58ec,1529
bdc2cd4a-df05-46ca-b027-b038039a58ec,1530
bdc2cd4a-df05-46ca-b027-b038039a58ec,1531
bdc2cd4a-df05-46ca-b027-b038039a58ec,1532
bdc2cd4a-df05-46ca-b027-b038039a58ec,1533
bdc2cd4a-df05-46ca-b027-b038039a58ec,1534
bdc2cd4a-df05-46ca-b027-b038039a58ec,1535
bdc2cd4a-df05-46ca-b027-b038039a58ec,1536
bdc2cd4a-df05-46ca-b027-b038039a58ec,1537
1dbd1112-eb47-4406-936c-6807e8845610,1538
bdc2cd4a-df05-46ca-b027-b038039a58ec,1538
bdc2cd4a-df05-46ca-b027-b038039a58ec,1539
bdc2cd4a-df05-46ca-b027-b038039a58ec,1540
bdc2cd4a-df05-46ca-b027-b038039a58ec,1541
bdc2cd4a-df05-46ca-b027-b038039a58ec,1542
bdc2cd4a-df05-46ca-b027-b038039a58ec,1543
bdc2cd4a-df05-46ca-b027-b038039a58ec,1544
62db65c9-470c-472f-b039-6c4a704ef170,1545
bdc2cd4a-df05-46ca-b027-b038039a58ec,1546
bdc2cd4a-df05-46ca-b027-b038039a58ec,1547
bdc2cd4a-df05-46ca-b027-b038039a58ec,1545
bdc2cd4a-df05-46ca-b027-b038039a58ec,1548
bdc2cd4a-df05-46ca-b027-b038039a58ec,1549
bdc2cd4a-df05-46ca-b027-b038039a58ec,1550
1052b289-f510-4c5a-9662-2db48c12ebc2,1558
3ad26d6b-4619-4a9f-a1b6-8424aab1dd52,1579
3ad26d6b-4619-4a9f-a1b6-8424aab1dd52,1580
3ad26d6b-4619-4a9f-a1b6-8424aab1dd52,1581
3ad26d6b-4619-4a9f-a1b6-8424aab1dd52,1582
3ad26d6b-4619-4a9f-a1b6-8424aab1dd52,1583
3ad26d6b-4619-4a9f-a1b6-8424aab1dd52,1584
0cc78e11-da3d-4687-a49a-76a2ba39c292,1586
3ad26d6b-4619-4a9f-a1b6-8424aab1dd52,1586
3ad26d6b-4619-4a9f-a1b6-8424aab1dd52,1587
3ad26d6b-4619-4a9f-a1b6-8424aab1dd52,1588
3ad26d6b-4619-4a9f-a1b6-8424aab1dd52,1589
3ad26d6b-4619-4a9f-a1b6-8424aab1dd52,1590
3ad26d6b-4619-4a9f-a1b6-8424aab1dd52,1591
3ad26d6b-4619-4a9f-a1b6-8424aab1dd52,1592
3ad26d6b-4619-4a9f-a1b6-8424aab1dd52,1593
3ad26d6b-4619-4a9f-a1b6-8424aab1dd52,1594
3ad26d6b-4619-4a9f-a1b6-8424aab1dd52,1595
3ad26d6b-4619-4a9f-a1b6-8424aab1dd52,1596
3ad26d6b-4619-4a9f-a1b6-8424aab1dd52,1597
3ad26d6b-4619-4a9f-a1b6-8424aab1dd52,1598
f11b0cc1-ad9f-4b12-b805-65b70e5bcd65,1599
3ad26d6b-4619-4a9f-a1b6-8424aab1dd52,1599
3ad26d6b-4619-4a9f-a1b6-8424aab1dd52,1600
f11b0cc1-ad9f-4b12-b805-65b70e5bcd65,1601
fda8c630-1b0a-4910-ae2a-602850616275,1602
f2136570-f73c-446f-9fb0-6d9e461e2124,1608
f2136570-f73c-446f-9fb0-6d9e461e2124,1611
1ee9fda3-cb4e-4c06-82b1-7e248c20a700,1627
3ad26d6b-4619-4a9f-a1b6-8424aab1dd52,1630
c90e23c6-5bf4-4d6f-97d8-b162b8a5b03e,1631
e383647f-00d3-41b1-ad95-ff69bdfffb42,1632
2efbc294-1ce4-4148-a403-93fe6450d879,1634
2b8ff3a4-e9b0-403d-8bd8-1bf26121c234,1641
2b8ff3a4-e9b0-403d-8bd8-1bf26121c234,1642
2b8ff3a4-e9b0-403d-8bd8-1bf26121c234,1643
2b8ff3a4-e9b0-403d-8bd8-1bf26121c234,1644
2b8ff3a4-e9b0-403d-8bd8-1bf26121c234,1645
2b8ff3a4-e9b0-403d-8bd8-1bf26121c234,1646
2b8ff3a4-e9b0-403d-8bd8-1bf26121c234,1647
2b8ff3a4-e9b0-403d-8bd8-1bf26121c234,1648
2b8ff3a4-e9b0-403d-8bd8-1bf26121c234,1649
2b8ff3a4-e9b0-403d-8bd8-1bf26121c234,1650
2b8ff3a4-e9b0-403d-8bd8-1bf26121c234,1651
2b8ff3a4-e9b0-403d-8bd8-1bf26121c234,1652
2b8ff3a4-e9b0-403d-8bd8-1bf26121c234,1653
2b8ff3a4-e9b0-403d-8bd8-1bf26121c234,1654
2b8ff3a4-e9b0-403d-8bd8-1bf26121c234,1655
2b8ff3a4-e9b0-403d-8bd8-1bf26121c234,1656
2b8ff3a4-e9b0-403d-8bd8-1bf26121c234,1657
2b8ff3a4-e9b0-403d-8bd8-1bf26121c234,1658
2b8ff3a4-e9b0-403d-8bd8-1bf26121c234,1659
2b8ff3a4-e9b0-403d-8bd8-1bf26121c234,1660
2b8ff3a4-e9b0-403d-8bd8-1bf26121c234,1661
2b8ff3a4-e9b0-403d-8bd8-1bf26121c234,1662
2b8ff3a4-e9b0-403d-8bd8-1bf26121c234,1663
2b8ff3a4-e9b0-403d-8bd8-1bf26121c234,1664
2b8ff3a4-e9b0-403d-8bd8-1bf26121c234,1665
2b8ff3a4-e9b0-403d-8bd8-1bf26121c234,1666
2b8ff3a4-e9b0-403d-8bd8-1bf26121c234,1667
2b8ff3a4-e9b0-403d-8bd8-1bf26121c234,1668
2b8ff3a4-e9b0-403d-8bd8-1bf26121c234,1669
2b8ff3a4-e9b0-403d-8bd8-1bf26121c234,1670
2b8ff3a4-e9b0-403d-8bd8-1bf26121c234,1671
2b8ff3a4-e9b0-403d-8bd8-1bf26121c234,1672
2b8ff3a4-e9b0-403d-8bd8-1bf26121c234,1673
2b8ff3a4-e9b0-403d-8bd8-1bf26121c234,1674
2b8ff3a4-e9b0-403d-8bd8-1bf26121c234,1675
2b8ff3a4-e9b0-403d-8bd8-1bf26121c234,1676
2b8ff3a4-e9b0-403d-8bd8-1bf26121c234,1677
2b8ff3a4-e9b0-403d-8bd8-1bf26121c234,1678
2b8ff3a4-e9b0-403d-8bd8-1bf26121c234,1679
2b8ff3a4-e9b0-403d-8bd8-1bf26121c234,1680
2b8ff3a4-e9b0-403d-8bd8-1bf26121c234,1681
2b8ff3a4-e9b0-403d-8bd8-1bf26121c234,1682
2ef641d0-bd79-425b-8b12-b58d74b993ae,1683
02960d47-7677-4b2c-99d4-490a31fd6885,1690
f240d002-893f-45bd-b9ad-6a6ddc015e40,1706
f240d002-893f-45bd-b9ad-6a6ddc015e40,1707
f240d002-893f-45bd-b9ad-6a6ddc015e40,1708
f240d002-893f-45bd-b9ad-6a6ddc015e40,1709
f240d002-893f-45bd-b9ad-6a6ddc015e40,1710
f240d002-893f-45bd-b9ad-6a6ddc015e40,1711
f240d002-893f-45bd-b9ad-6a6ddc015e40,1712
f240d002-893f-45bd-b9ad-6a6ddc015e40,1713
f240d002-893f-45bd-b9ad-6a6ddc015e40,1714
f240d002-893f-45bd-b9ad-6a6ddc015e40,1716
6ec63914-1f4e-4708-8830-1b054c2ee03a,1717
f240d002-893f-45bd-b9ad-6a6ddc015e40,1717
f240d002-893f-45bd-b9ad-6a6ddc015e40,1718
f240d002-893f-45bd-b9ad-6a6ddc015e40,1719
f240d002-893f-45bd-b9ad-6a6ddc015e40,1720
f240d002-893f-45bd-b9ad-6a6ddc015e40,1721
f240d002-893f-45bd-b9ad-6a6ddc015e40,1722
cf5e1d64-5489-4534-ba34-8dba5fd354a6,1723
f240d002-893f-45bd-b9ad-6a6ddc015e40,1724
f240d002-893f-45bd-b9ad-6a6ddc015e40,1725
f240d002-893f-45bd-b9ad-6a6ddc015e40,1726
f240d002-893f-45bd-b9ad-6a6ddc015e40,1727
f240d002-893f-45bd-b9ad-6a6ddc015e40,1728
f240d002-893f-45bd-b9ad-6a6ddc015e40,1729
f240d002-893f-45bd-b9ad-6a6ddc015e40,1723
f240d002-893f-45bd-b9ad-6a6ddc015e40,1730
f240d002-893f-45bd-b9ad-6a6ddc015e40,1731
f240d002-893f-45bd-b9ad-6a6ddc015e40,1732
f240d002-893f-45bd-b9ad-6a6ddc015e40,1733
f240d002-893f-45bd-b9ad-6a6ddc015e40,1734
f240d002-893f-45bd-b9ad-6a6ddc015e40,1735
f240d002-893f-45bd-b9ad-6a6ddc015e40,1736
f240d002-893f-45bd-b9ad-6a6ddc015e40,1737
f240d002-893f-45bd-b9ad-6a6ddc015e40,1738
1dbd1112-eb47-4406-936c-6807e8845610,1739
22ec9269-2fff-4dbf-a9c7-5037559a15ee,1740
22ec9269-2fff-4dbf-a9c7-5037559a15ee,1741
831421c0-027f-4a25-b795-ee2fce0c8d2a,1742
831421c0-027f-4a25-b795-ee2fce0c8d2a,1751
0cc78e11-da3d-4687-a49a-76a2ba39c292,1762
