projectUUID,keywordId
8d371dc6-a3eb-43ec-93b0-116764f1db22,9295
8d371dc6-a3eb-43ec-93b0-116764f1db22,9296
498b8d8c-7879-407e-b867-1aee0c7aa170,3296
498b8d8c-7879-407e-b867-1aee0c7aa170,111
498b8d8c-7879-407e-b867-1aee0c7aa170,107
498b8d8c-7879-407e-b867-1aee0c7aa170,344
498b8d8c-7879-407e-b867-1aee0c7aa170,159
498b8d8c-7879-407e-b867-1aee0c7aa170,8347
498b8d8c-7879-407e-b867-1aee0c7aa170,3088
498b8d8c-7879-407e-b867-1aee0c7aa170,44
498b8d8c-7879-407e-b867-1aee0c7aa170,3850
498b8d8c-7879-407e-b867-1aee0c7aa170,3438
c86e7edb-8709-491c-8b10-21f4f5871e2c,6409
c86e7edb-8709-491c-8b10-21f4f5871e2c,9297
ebbc254e-67ff-46a8-b14c-b70b4305141b,3001
55316e4c-736b-48df-9898-7e1887bb2486,6412
55316e4c-736b-48df-9898-7e1887bb2486,3453
a42b0888-e444-4dd2-93c6-a157b92a7770,173
a42b0888-e444-4dd2-93c6-a157b92a7770,35
a42b0888-e444-4dd2-93c6-a157b92a7770,386
a42b0888-e444-4dd2-93c6-a157b92a7770,4586
a42b0888-e444-4dd2-93c6-a157b92a7770,6405
def5ee8f-0260-44af-b3ae-e02e5aec1605,243
def5ee8f-0260-44af-b3ae-e02e5aec1605,1802
612922b8-de39-4ff6-80c5-dbfe46873ce0,35
612922b8-de39-4ff6-80c5-dbfe46873ce0,386
612922b8-de39-4ff6-80c5-dbfe46873ce0,1474
612922b8-de39-4ff6-80c5-dbfe46873ce0,123
627db78d-dc0c-4fa3-879d-b5b4aef2867f,991
627db78d-dc0c-4fa3-879d-b5b4aef2867f,1979
415160df-572d-4afb-b812-19ec0f6af6e1,2436
415160df-572d-4afb-b812-19ec0f6af6e1,2004
415160df-572d-4afb-b812-19ec0f6af6e1,262
415160df-572d-4afb-b812-19ec0f6af6e1,1341
415160df-572d-4afb-b812-19ec0f6af6e1,572
cfcf30c3-2e6c-4854-85a9-2504572752a5,3033
cfcf30c3-2e6c-4854-85a9-2504572752a5,973
cfcf30c3-2e6c-4854-85a9-2504572752a5,227
cfcf30c3-2e6c-4854-85a9-2504572752a5,22
cfcf30c3-2e6c-4854-85a9-2504572752a5,160
cfcf30c3-2e6c-4854-85a9-2504572752a5,382
cfcf30c3-2e6c-4854-85a9-2504572752a5,849
cfcf30c3-2e6c-4854-85a9-2504572752a5,195
cfcf30c3-2e6c-4854-85a9-2504572752a5,26
1f0930fb-e0c4-4f6f-a76e-8c918d86fd0b,743
1f0930fb-e0c4-4f6f-a76e-8c918d86fd0b,1393
1f0930fb-e0c4-4f6f-a76e-8c918d86fd0b,2350
1f0930fb-e0c4-4f6f-a76e-8c918d86fd0b,205
1f0930fb-e0c4-4f6f-a76e-8c918d86fd0b,85
1f0930fb-e0c4-4f6f-a76e-8c918d86fd0b,208
1f0930fb-e0c4-4f6f-a76e-8c918d86fd0b,28
1f0930fb-e0c4-4f6f-a76e-8c918d86fd0b,262
1f0930fb-e0c4-4f6f-a76e-8c918d86fd0b,9298
1f0930fb-e0c4-4f6f-a76e-8c918d86fd0b,9299
1f0930fb-e0c4-4f6f-a76e-8c918d86fd0b,1519
1f0930fb-e0c4-4f6f-a76e-8c918d86fd0b,809
1f0930fb-e0c4-4f6f-a76e-8c918d86fd0b,50
1f0930fb-e0c4-4f6f-a76e-8c918d86fd0b,182
1f0930fb-e0c4-4f6f-a76e-8c918d86fd0b,126
1f0930fb-e0c4-4f6f-a76e-8c918d86fd0b,183
1f0930fb-e0c4-4f6f-a76e-8c918d86fd0b,83
1f0930fb-e0c4-4f6f-a76e-8c918d86fd0b,3937
9ba6cf3a-4ac3-41b0-a77e-f8e4a9a3117e,1085
9ba6cf3a-4ac3-41b0-a77e-f8e4a9a3117e,123
9ba6cf3a-4ac3-41b0-a77e-f8e4a9a3117e,3087
9ba6cf3a-4ac3-41b0-a77e-f8e4a9a3117e,386
9ba6cf3a-4ac3-41b0-a77e-f8e4a9a3117e,35
9ba6cf3a-4ac3-41b0-a77e-f8e4a9a3117e,386
9ba6cf3a-4ac3-41b0-a77e-f8e4a9a3117e,605
9ba6cf3a-4ac3-41b0-a77e-f8e4a9a3117e,5862
9ba6cf3a-4ac3-41b0-a77e-f8e4a9a3117e,35
9ba6cf3a-4ac3-41b0-a77e-f8e4a9a3117e,38
02e9b18e-a36f-40c9-acd9-06ea815e7c6d,28
02e9b18e-a36f-40c9-acd9-06ea815e7c6d,262
02e9b18e-a36f-40c9-acd9-06ea815e7c6d,182
02e9b18e-a36f-40c9-acd9-06ea815e7c6d,9300
02e9b18e-a36f-40c9-acd9-06ea815e7c6d,70
02e9b18e-a36f-40c9-acd9-06ea815e7c6d,9301
02e9b18e-a36f-40c9-acd9-06ea815e7c6d,38
02e9b18e-a36f-40c9-acd9-06ea815e7c6d,48
02e9b18e-a36f-40c9-acd9-06ea815e7c6d,227
02e9b18e-a36f-40c9-acd9-06ea815e7c6d,266
02e9b18e-a36f-40c9-acd9-06ea815e7c6d,702
22225314-e30a-47e7-b5c5-3e9e1ecdc8d3,8385
22225314-e30a-47e7-b5c5-3e9e1ecdc8d3,25
22225314-e30a-47e7-b5c5-3e9e1ecdc8d3,26
22225314-e30a-47e7-b5c5-3e9e1ecdc8d3,779
fb5462ca-cc1b-4534-b83a-fea1c580873d,184
fb5462ca-cc1b-4534-b83a-fea1c580873d,136
fb5462ca-cc1b-4534-b83a-fea1c580873d,182
fb5462ca-cc1b-4534-b83a-fea1c580873d,33
fb5462ca-cc1b-4534-b83a-fea1c580873d,247
fb5462ca-cc1b-4534-b83a-fea1c580873d,50
a3eec805-3c21-4472-83b3-dfde1ec5a377,3832
a3eec805-3c21-4472-83b3-dfde1ec5a377,66
a3eec805-3c21-4472-83b3-dfde1ec5a377,1260
a3eec805-3c21-4472-83b3-dfde1ec5a377,2850
a3eec805-3c21-4472-83b3-dfde1ec5a377,343
a3eec805-3c21-4472-83b3-dfde1ec5a377,115
a3eec805-3c21-4472-83b3-dfde1ec5a377,104
a3eec805-3c21-4472-83b3-dfde1ec5a377,91
a3eec805-3c21-4472-83b3-dfde1ec5a377,1018
a3eec805-3c21-4472-83b3-dfde1ec5a377,2273
ee36c318-11de-4301-8b75-6d6ebe121e01,9302
ee36c318-11de-4301-8b75-6d6ebe121e01,16
ee36c318-11de-4301-8b75-6d6ebe121e01,117
ee36c318-11de-4301-8b75-6d6ebe121e01,111
ee36c318-11de-4301-8b75-6d6ebe121e01,155
ee36c318-11de-4301-8b75-6d6ebe121e01,156
f6d20d05-9881-45a8-b3dc-7625585ee4c9,9296
f6d20d05-9881-45a8-b3dc-7625585ee4c9,102
f6d20d05-9881-45a8-b3dc-7625585ee4c9,418
f6d20d05-9881-45a8-b3dc-7625585ee4c9,102
f6d20d05-9881-45a8-b3dc-7625585ee4c9,9303
0138e9a0-ad7f-434d-9594-e7597b1c3e2b,286
0138e9a0-ad7f-434d-9594-e7597b1c3e2b,8
0138e9a0-ad7f-434d-9594-e7597b1c3e2b,129
0138e9a0-ad7f-434d-9594-e7597b1c3e2b,296
0138e9a0-ad7f-434d-9594-e7597b1c3e2b,140
0138e9a0-ad7f-434d-9594-e7597b1c3e2b,1467
ed6bd979-6a16-4c9b-ba0c-f22b3ec3c37b,35
ed6bd979-6a16-4c9b-ba0c-f22b3ec3c37b,245
ed6bd979-6a16-4c9b-ba0c-f22b3ec3c37b,3736
ed6bd979-6a16-4c9b-ba0c-f22b3ec3c37b,652
ed6bd979-6a16-4c9b-ba0c-f22b3ec3c37b,1818
ed6bd979-6a16-4c9b-ba0c-f22b3ec3c37b,65
ed6bd979-6a16-4c9b-ba0c-f22b3ec3c37b,68
ed6bd979-6a16-4c9b-ba0c-f22b3ec3c37b,69
ed6bd979-6a16-4c9b-ba0c-f22b3ec3c37b,236
ed6bd979-6a16-4c9b-ba0c-f22b3ec3c37b,16
ed6bd979-6a16-4c9b-ba0c-f22b3ec3c37b,1014
35af1726-589d-4cd1-bbea-3fa051ef76ce,104
35af1726-589d-4cd1-bbea-3fa051ef76ce,92
35af1726-589d-4cd1-bbea-3fa051ef76ce,450
35af1726-589d-4cd1-bbea-3fa051ef76ce,16
35af1726-589d-4cd1-bbea-3fa051ef76ce,65
35af1726-589d-4cd1-bbea-3fa051ef76ce,1260
35af1726-589d-4cd1-bbea-3fa051ef76ce,2850
35af1726-589d-4cd1-bbea-3fa051ef76ce,50
35af1726-589d-4cd1-bbea-3fa051ef76ce,182
35af1726-589d-4cd1-bbea-3fa051ef76ce,126
8cc58f09-1f41-458e-a3a3-f266e1ea62e9,67
8cc58f09-1f41-458e-a3a3-f266e1ea62e9,1802
8cc58f09-1f41-458e-a3a3-f266e1ea62e9,4071
8cc58f09-1f41-458e-a3a3-f266e1ea62e9,1856
85a633e3-4ceb-452b-9870-52e2f69289d5,3088
85a633e3-4ceb-452b-9870-52e2f69289d5,35
85a633e3-4ceb-452b-9870-52e2f69289d5,36
85a633e3-4ceb-452b-9870-52e2f69289d5,344
85a633e3-4ceb-452b-9870-52e2f69289d5,936
85a633e3-4ceb-452b-9870-52e2f69289d5,113
85a633e3-4ceb-452b-9870-52e2f69289d5,6
85a633e3-4ceb-452b-9870-52e2f69289d5,7679
85a633e3-4ceb-452b-9870-52e2f69289d5,28
85a633e3-4ceb-452b-9870-52e2f69289d5,111
85a633e3-4ceb-452b-9870-52e2f69289d5,114
85a633e3-4ceb-452b-9870-52e2f69289d5,115
85a633e3-4ceb-452b-9870-52e2f69289d5,69
315e4871-b891-4423-a4d2-e754d7a843ea,2267
315e4871-b891-4423-a4d2-e754d7a843ea,2175
315e4871-b891-4423-a4d2-e754d7a843ea,9304
315e4871-b891-4423-a4d2-e754d7a843ea,1815
315e4871-b891-4423-a4d2-e754d7a843ea,8519
315e4871-b891-4423-a4d2-e754d7a843ea,23
315e4871-b891-4423-a4d2-e754d7a843ea,24
315e4871-b891-4423-a4d2-e754d7a843ea,174
315e4871-b891-4423-a4d2-e754d7a843ea,43
315e4871-b891-4423-a4d2-e754d7a843ea,295
315e4871-b891-4423-a4d2-e754d7a843ea,9305
315e4871-b891-4423-a4d2-e754d7a843ea,9306
315e4871-b891-4423-a4d2-e754d7a843ea,382
315e4871-b891-4423-a4d2-e754d7a843ea,3316
315e4871-b891-4423-a4d2-e754d7a843ea,543
52636f43-4fb0-43ed-8c56-b644ddd62be9,48
52636f43-4fb0-43ed-8c56-b644ddd62be9,35
52636f43-4fb0-43ed-8c56-b644ddd62be9,44
52636f43-4fb0-43ed-8c56-b644ddd62be9,48
52636f43-4fb0-43ed-8c56-b644ddd62be9,26
52636f43-4fb0-43ed-8c56-b644ddd62be9,231
52636f43-4fb0-43ed-8c56-b644ddd62be9,241
52636f43-4fb0-43ed-8c56-b644ddd62be9,1969
52636f43-4fb0-43ed-8c56-b644ddd62be9,123
52636f43-4fb0-43ed-8c56-b644ddd62be9,49
52636f43-4fb0-43ed-8c56-b644ddd62be9,376
52636f43-4fb0-43ed-8c56-b644ddd62be9,32
52636f43-4fb0-43ed-8c56-b644ddd62be9,2
058ab940-9a91-4e18-a472-0f25ed203769,16
058ab940-9a91-4e18-a472-0f25ed203769,65
058ab940-9a91-4e18-a472-0f25ed203769,188
058ab940-9a91-4e18-a472-0f25ed203769,926
058ab940-9a91-4e18-a472-0f25ed203769,1070
058ab940-9a91-4e18-a472-0f25ed203769,66
058ab940-9a91-4e18-a472-0f25ed203769,8528
058ab940-9a91-4e18-a472-0f25ed203769,9307
058ab940-9a91-4e18-a472-0f25ed203769,542
13537467-eee8-4756-af4a-0c04d42666fb,44
13537467-eee8-4756-af4a-0c04d42666fb,1355
13537467-eee8-4756-af4a-0c04d42666fb,1005
13537467-eee8-4756-af4a-0c04d42666fb,586
13537467-eee8-4756-af4a-0c04d42666fb,51
13537467-eee8-4756-af4a-0c04d42666fb,1144
13537467-eee8-4756-af4a-0c04d42666fb,6028
9bf034c6-728d-4527-89dc-c8ba689c0cee,9308
9bf034c6-728d-4527-89dc-c8ba689c0cee,9309
9bf034c6-728d-4527-89dc-c8ba689c0cee,1144
9bf034c6-728d-4527-89dc-c8ba689c0cee,1145
9bf034c6-728d-4527-89dc-c8ba689c0cee,204
9bf034c6-728d-4527-89dc-c8ba689c0cee,13
19e3b064-21f8-47c1-8b9d-f531323964d4,416
19e3b064-21f8-47c1-8b9d-f531323964d4,79
19e3b064-21f8-47c1-8b9d-f531323964d4,80
19e3b064-21f8-47c1-8b9d-f531323964d4,9310
19e3b064-21f8-47c1-8b9d-f531323964d4,416
19e3b064-21f8-47c1-8b9d-f531323964d4,139
19e3b064-21f8-47c1-8b9d-f531323964d4,111
19e3b064-21f8-47c1-8b9d-f531323964d4,921
19e3b064-21f8-47c1-8b9d-f531323964d4,122
19e3b064-21f8-47c1-8b9d-f531323964d4,405
19e3b064-21f8-47c1-8b9d-f531323964d4,1135
19e3b064-21f8-47c1-8b9d-f531323964d4,416
19e3b064-21f8-47c1-8b9d-f531323964d4,139
19e3b064-21f8-47c1-8b9d-f531323964d4,41
19e3b064-21f8-47c1-8b9d-f531323964d4,497
19e3b064-21f8-47c1-8b9d-f531323964d4,11
19e3b064-21f8-47c1-8b9d-f531323964d4,2997
19e3b064-21f8-47c1-8b9d-f531323964d4,9311
d45740c6-4ec2-4792-9c02-18663999b0b6,840
d45740c6-4ec2-4792-9c02-18663999b0b6,131
d45740c6-4ec2-4792-9c02-18663999b0b6,8
d45740c6-4ec2-4792-9c02-18663999b0b6,129
d45740c6-4ec2-4792-9c02-18663999b0b6,1591
d45740c6-4ec2-4792-9c02-18663999b0b6,1034
1360e564-b050-41ec-b091-f87c6fdfa3ce,8385
1360e564-b050-41ec-b091-f87c6fdfa3ce,149
baaacdcd-40b8-4d34-9f9f-a885bcd6ebb0,921
baaacdcd-40b8-4d34-9f9f-a885bcd6ebb0,122
baaacdcd-40b8-4d34-9f9f-a885bcd6ebb0,154
baaacdcd-40b8-4d34-9f9f-a885bcd6ebb0,21
88d25392-3fb5-45c6-bfa9-377d573df7bf,840
88d25392-3fb5-45c6-bfa9-377d573df7bf,131
88d25392-3fb5-45c6-bfa9-377d573df7bf,353
88d25392-3fb5-45c6-bfa9-377d573df7bf,144
88d25392-3fb5-45c6-bfa9-377d573df7bf,1591
88d25392-3fb5-45c6-bfa9-377d573df7bf,1034
3e165725-56f9-4ad8-b2de-0d98d6dc25e8,187
3e165725-56f9-4ad8-b2de-0d98d6dc25e8,1760
3e165725-56f9-4ad8-b2de-0d98d6dc25e8,2495
3e165725-56f9-4ad8-b2de-0d98d6dc25e8,1883
3e165725-56f9-4ad8-b2de-0d98d6dc25e8,215
3e165725-56f9-4ad8-b2de-0d98d6dc25e8,122
a69e8631-d120-4068-91d3-7e3fead61864,9312
fd108cbf-5e63-45e4-9757-af95ea6540a1,5
fd108cbf-5e63-45e4-9757-af95ea6540a1,35
fd108cbf-5e63-45e4-9757-af95ea6540a1,44
78e0e2e2-82fd-412e-b4ff-aa7f46dca3d4,579
78e0e2e2-82fd-412e-b4ff-aa7f46dca3d4,687
78e0e2e2-82fd-412e-b4ff-aa7f46dca3d4,143
78e0e2e2-82fd-412e-b4ff-aa7f46dca3d4,44
78e0e2e2-82fd-412e-b4ff-aa7f46dca3d4,149
78e0e2e2-82fd-412e-b4ff-aa7f46dca3d4,2481
8296a97c-b8a8-497a-b23e-6d60f337d391,1355
8296a97c-b8a8-497a-b23e-6d60f337d391,1112
8296a97c-b8a8-497a-b23e-6d60f337d391,113
8296a97c-b8a8-497a-b23e-6d60f337d391,1144
8296a97c-b8a8-497a-b23e-6d60f337d391,6028
34b17ab6-61ea-4bfd-b2a7-5bef2b26a858,8385
34b17ab6-61ea-4bfd-b2a7-5bef2b26a858,9313
34b17ab6-61ea-4bfd-b2a7-5bef2b26a858,230
34b17ab6-61ea-4bfd-b2a7-5bef2b26a858,8114
34b17ab6-61ea-4bfd-b2a7-5bef2b26a858,9314
34b17ab6-61ea-4bfd-b2a7-5bef2b26a858,5169
34b17ab6-61ea-4bfd-b2a7-5bef2b26a858,9315
34b17ab6-61ea-4bfd-b2a7-5bef2b26a858,9316
34b17ab6-61ea-4bfd-b2a7-5bef2b26a858,9317
f14d5eba-b806-451e-abc2-73ad6e7f0496,1205
f14d5eba-b806-451e-abc2-73ad6e7f0496,161
f14d5eba-b806-451e-abc2-73ad6e7f0496,1966
f14d5eba-b806-451e-abc2-73ad6e7f0496,337
f14d5eba-b806-451e-abc2-73ad6e7f0496,26
f14d5eba-b806-451e-abc2-73ad6e7f0496,38
f14d5eba-b806-451e-abc2-73ad6e7f0496,295
f14d5eba-b806-451e-abc2-73ad6e7f0496,319
0e18ed4e-6696-4060-b108-3f00b8431b89,16
0e18ed4e-6696-4060-b108-3f00b8431b89,65
0e18ed4e-6696-4060-b108-3f00b8431b89,66
0e18ed4e-6696-4060-b108-3f00b8431b89,343
0e18ed4e-6696-4060-b108-3f00b8431b89,115
0e18ed4e-6696-4060-b108-3f00b8431b89,1809
2f5e8d53-a5c4-41a9-95b3-8478cb7376ea,16
2f5e8d53-a5c4-41a9-95b3-8478cb7376ea,65
2f5e8d53-a5c4-41a9-95b3-8478cb7376ea,1868
2f5e8d53-a5c4-41a9-95b3-8478cb7376ea,16
2f5e8d53-a5c4-41a9-95b3-8478cb7376ea,343
2f5e8d53-a5c4-41a9-95b3-8478cb7376ea,115
4cac7654-2655-4c1b-b201-1ef33d01b353,1188
4cac7654-2655-4c1b-b201-1ef33d01b353,35
4cac7654-2655-4c1b-b201-1ef33d01b353,221
4cac7654-2655-4c1b-b201-1ef33d01b353,1163
4cac7654-2655-4c1b-b201-1ef33d01b353,35
4cac7654-2655-4c1b-b201-1ef33d01b353,416
54d5aeb6-716e-46dd-b34a-cb8057be82a4,8
54d5aeb6-716e-46dd-b34a-cb8057be82a4,105
54d5aeb6-716e-46dd-b34a-cb8057be82a4,208
33b3fc7e-5aad-48c0-877c-ada1be556f22,51
4693ba77-d11e-4f95-9493-84f516080715,647
4693ba77-d11e-4f95-9493-84f516080715,9318
4693ba77-d11e-4f95-9493-84f516080715,13
4693ba77-d11e-4f95-9493-84f516080715,2899
4693ba77-d11e-4f95-9493-84f516080715,9319
249c41f8-3d16-4033-bfc1-695487446106,4371
249c41f8-3d16-4033-bfc1-695487446106,4193
249c41f8-3d16-4033-bfc1-695487446106,6347
249c41f8-3d16-4033-bfc1-695487446106,8
249c41f8-3d16-4033-bfc1-695487446106,9320
249c41f8-3d16-4033-bfc1-695487446106,620
249c41f8-3d16-4033-bfc1-695487446106,1837
44d7b341-2fb8-462f-aeea-8dc7f9b1cb93,670
44d7b341-2fb8-462f-aeea-8dc7f9b1cb93,295
44d7b341-2fb8-462f-aeea-8dc7f9b1cb93,38
44d7b341-2fb8-462f-aeea-8dc7f9b1cb93,1601
44d7b341-2fb8-462f-aeea-8dc7f9b1cb93,57
44d7b341-2fb8-462f-aeea-8dc7f9b1cb93,273
44d7b341-2fb8-462f-aeea-8dc7f9b1cb93,26
a34eefb4-dc7c-45b0-a60a-369c9f8c4fbc,152
a34eefb4-dc7c-45b0-a60a-369c9f8c4fbc,16
a34eefb4-dc7c-45b0-a60a-369c9f8c4fbc,8837
a34eefb4-dc7c-45b0-a60a-369c9f8c4fbc,1873
a34eefb4-dc7c-45b0-a60a-369c9f8c4fbc,1952
a34eefb4-dc7c-45b0-a60a-369c9f8c4fbc,1686
a34eefb4-dc7c-45b0-a60a-369c9f8c4fbc,2394
a34eefb4-dc7c-45b0-a60a-369c9f8c4fbc,4162
a34eefb4-dc7c-45b0-a60a-369c9f8c4fbc,2311
ef0ae6c0-62d2-4fe9-9cf2-81354c4569c7,647
ef0ae6c0-62d2-4fe9-9cf2-81354c4569c7,9318
ef0ae6c0-62d2-4fe9-9cf2-81354c4569c7,13
ef0ae6c0-62d2-4fe9-9cf2-81354c4569c7,2899
ef0ae6c0-62d2-4fe9-9cf2-81354c4569c7,9319
47ecae24-c424-4de9-9a67-c937eb1fa065,369
47ecae24-c424-4de9-9a67-c937eb1fa065,247
47ecae24-c424-4de9-9a67-c937eb1fa065,63
47ecae24-c424-4de9-9a67-c937eb1fa065,1132
47ecae24-c424-4de9-9a67-c937eb1fa065,38
9497b076-f227-4260-9243-fe1191cc3b5e,8
9497b076-f227-4260-9243-fe1191cc3b5e,335
9497b076-f227-4260-9243-fe1191cc3b5e,2495
9497b076-f227-4260-9243-fe1191cc3b5e,1883
9497b076-f227-4260-9243-fe1191cc3b5e,215
9497b076-f227-4260-9243-fe1191cc3b5e,122
88d75831-25f7-4350-844d-9205d4c998d5,1039
88d75831-25f7-4350-844d-9205d4c998d5,70
88d75831-25f7-4350-844d-9205d4c998d5,63
88d75831-25f7-4350-844d-9205d4c998d5,63
88d75831-25f7-4350-844d-9205d4c998d5,10
88d75831-25f7-4350-844d-9205d4c998d5,8
88d75831-25f7-4350-844d-9205d4c998d5,87
d9ae1f9c-c9ff-4c8f-a3c3-5b8c05b9b6d8,1988
d9ae1f9c-c9ff-4c8f-a3c3-5b8c05b9b6d8,69
d9ae1f9c-c9ff-4c8f-a3c3-5b8c05b9b6d8,117
d9ae1f9c-c9ff-4c8f-a3c3-5b8c05b9b6d8,111
52b61d82-61c5-4c33-814d-17dffa0e6da7,83
52b61d82-61c5-4c33-814d-17dffa0e6da7,72
52b61d82-61c5-4c33-814d-17dffa0e6da7,9321
52b61d82-61c5-4c33-814d-17dffa0e6da7,72
52b61d82-61c5-4c33-814d-17dffa0e6da7,138
52b61d82-61c5-4c33-814d-17dffa0e6da7,222
bf53f45b-8894-4643-aa71-9d356a657584,639
bf53f45b-8894-4643-aa71-9d356a657584,138
bf53f45b-8894-4643-aa71-9d356a657584,9322
bf53f45b-8894-4643-aa71-9d356a657584,429
bc25c1fb-6f03-44c3-9f92-5cd7e68c76b0,1128
bc25c1fb-6f03-44c3-9f92-5cd7e68c76b0,289
bc25c1fb-6f03-44c3-9f92-5cd7e68c76b0,8
bc25c1fb-6f03-44c3-9f92-5cd7e68c76b0,347
bc25c1fb-6f03-44c3-9f92-5cd7e68c76b0,4993
bc25c1fb-6f03-44c3-9f92-5cd7e68c76b0,83
bc25c1fb-6f03-44c3-9f92-5cd7e68c76b0,129
0c7a1bc5-ceb9-4812-b8bc-cec4bc2f19f8,50
0c7a1bc5-ceb9-4812-b8bc-cec4bc2f19f8,262
0c7a1bc5-ceb9-4812-b8bc-cec4bc2f19f8,38
0c7a1bc5-ceb9-4812-b8bc-cec4bc2f19f8,2056
0c7a1bc5-ceb9-4812-b8bc-cec4bc2f19f8,3819
7bc8f483-88e2-43a9-b774-fd908e7b2fee,35
7bc8f483-88e2-43a9-b774-fd908e7b2fee,245
7bc8f483-88e2-43a9-b774-fd908e7b2fee,3736
7bc8f483-88e2-43a9-b774-fd908e7b2fee,652
7bc8f483-88e2-43a9-b774-fd908e7b2fee,1818
7bc8f483-88e2-43a9-b774-fd908e7b2fee,65
1155118b-f91f-4fba-8ec2-328dc348ca54,369
1155118b-f91f-4fba-8ec2-328dc348ca54,456
1155118b-f91f-4fba-8ec2-328dc348ca54,457
1155118b-f91f-4fba-8ec2-328dc348ca54,165
1155118b-f91f-4fba-8ec2-328dc348ca54,102
1155118b-f91f-4fba-8ec2-328dc348ca54,9
1155118b-f91f-4fba-8ec2-328dc348ca54,976
1155118b-f91f-4fba-8ec2-328dc348ca54,102
1155118b-f91f-4fba-8ec2-328dc348ca54,1113
1155118b-f91f-4fba-8ec2-328dc348ca54,38
fb6c2b01-82c5-4b20-b6ef-94cd08477c3c,369
fb6c2b01-82c5-4b20-b6ef-94cd08477c3c,456
fb6c2b01-82c5-4b20-b6ef-94cd08477c3c,457
fb6c2b01-82c5-4b20-b6ef-94cd08477c3c,165
fb6c2b01-82c5-4b20-b6ef-94cd08477c3c,102
fb6c2b01-82c5-4b20-b6ef-94cd08477c3c,976
fb6c2b01-82c5-4b20-b6ef-94cd08477c3c,102
fb6c2b01-82c5-4b20-b6ef-94cd08477c3c,1113
fb6c2b01-82c5-4b20-b6ef-94cd08477c3c,38
c5b5343d-48e1-49ea-a7b4-07bdfc23ca72,1224
c5b5343d-48e1-49ea-a7b4-07bdfc23ca72,545
c5b5343d-48e1-49ea-a7b4-07bdfc23ca72,131
c5b5343d-48e1-49ea-a7b4-07bdfc23ca72,43
c5b5343d-48e1-49ea-a7b4-07bdfc23ca72,70
865b751d-b4ff-4938-b032-5d278a702de8,9323
865b751d-b4ff-4938-b032-5d278a702de8,8
865b751d-b4ff-4938-b032-5d278a702de8,56
865b751d-b4ff-4938-b032-5d278a702de8,1205
865b751d-b4ff-4938-b032-5d278a702de8,319
865b751d-b4ff-4938-b032-5d278a702de8,26
865b751d-b4ff-4938-b032-5d278a702de8,38
865b751d-b4ff-4938-b032-5d278a702de8,1325
01f3ad3a-5f8f-4306-965f-11f40e93481c,55
01f3ad3a-5f8f-4306-965f-11f40e93481c,240
01f3ad3a-5f8f-4306-965f-11f40e93481c,241
01f3ad3a-5f8f-4306-965f-11f40e93481c,225
01f3ad3a-5f8f-4306-965f-11f40e93481c,226
01f3ad3a-5f8f-4306-965f-11f40e93481c,9324
01f3ad3a-5f8f-4306-965f-11f40e93481c,26
9a862524-98d2-4d6a-85bc-ce6612c9c718,429
9a862524-98d2-4d6a-85bc-ce6612c9c718,122
9a862524-98d2-4d6a-85bc-ce6612c9c718,680
9a862524-98d2-4d6a-85bc-ce6612c9c718,605
9a862524-98d2-4d6a-85bc-ce6612c9c718,17
9a862524-98d2-4d6a-85bc-ce6612c9c718,22
389f89c7-3f1f-4f75-bac1-44c9e7703c42,102
389f89c7-3f1f-4f75-bac1-44c9e7703c42,3911
8bcd1359-3f40-4d7e-a3bc-fc05f427fac0,337
8bcd1359-3f40-4d7e-a3bc-fc05f427fac0,38
8bcd1359-3f40-4d7e-a3bc-fc05f427fac0,8
8bcd1359-3f40-4d7e-a3bc-fc05f427fac0,105
8bcd1359-3f40-4d7e-a3bc-fc05f427fac0,6614
8bcd1359-3f40-4d7e-a3bc-fc05f427fac0,6615
8bcd1359-3f40-4d7e-a3bc-fc05f427fac0,2349
8bcd1359-3f40-4d7e-a3bc-fc05f427fac0,3109
b0651758-d511-4677-8e44-c3df2ed4d22f,9325
b0651758-d511-4677-8e44-c3df2ed4d22f,450
b0651758-d511-4677-8e44-c3df2ed4d22f,9326
b0651758-d511-4677-8e44-c3df2ed4d22f,118
61a964d6-a6c1-4364-a2b9-0c1504474ad6,469
61a964d6-a6c1-4364-a2b9-0c1504474ad6,102
61a964d6-a6c1-4364-a2b9-0c1504474ad6,5825
61a964d6-a6c1-4364-a2b9-0c1504474ad6,465
61a964d6-a6c1-4364-a2b9-0c1504474ad6,335
61a964d6-a6c1-4364-a2b9-0c1504474ad6,228
61a964d6-a6c1-4364-a2b9-0c1504474ad6,8886
61a964d6-a6c1-4364-a2b9-0c1504474ad6,222
61a964d6-a6c1-4364-a2b9-0c1504474ad6,124
46b9b101-1336-414d-b1d8-995d9f2e7869,337
46b9b101-1336-414d-b1d8-995d9f2e7869,38
46b9b101-1336-414d-b1d8-995d9f2e7869,149
46b9b101-1336-414d-b1d8-995d9f2e7869,273
46b9b101-1336-414d-b1d8-995d9f2e7869,26
057f2fe2-c640-4acd-a518-a08ba773a1f0,465
057f2fe2-c640-4acd-a518-a08ba773a1f0,8
057f2fe2-c640-4acd-a518-a08ba773a1f0,407
057f2fe2-c640-4acd-a518-a08ba773a1f0,2296
057f2fe2-c640-4acd-a518-a08ba773a1f0,3599
057f2fe2-c640-4acd-a518-a08ba773a1f0,222
9aadc91b-d99a-402c-8c3c-dd2ac88f938f,273
9aadc91b-d99a-402c-8c3c-dd2ac88f938f,26
9aadc91b-d99a-402c-8c3c-dd2ac88f938f,17
9aadc91b-d99a-402c-8c3c-dd2ac88f938f,22
54be9d4e-0d3a-4b8a-b908-4989018a10e5,238
54be9d4e-0d3a-4b8a-b908-4989018a10e5,729
54be9d4e-0d3a-4b8a-b908-4989018a10e5,474
54be9d4e-0d3a-4b8a-b908-4989018a10e5,1153
54be9d4e-0d3a-4b8a-b908-4989018a10e5,9327
54be9d4e-0d3a-4b8a-b908-4989018a10e5,9328
9a7a0308-9c35-463c-9d04-cd3f31ae718e,51
a791bd61-293d-4ebe-9d23-03a2e51ac31e,83
a791bd61-293d-4ebe-9d23-03a2e51ac31e,271
a791bd61-293d-4ebe-9d23-03a2e51ac31e,4225
a791bd61-293d-4ebe-9d23-03a2e51ac31e,419
a791bd61-293d-4ebe-9d23-03a2e51ac31e,271
a791bd61-293d-4ebe-9d23-03a2e51ac31e,9329
a791bd61-293d-4ebe-9d23-03a2e51ac31e,4755
9f485f10-7bd6-485b-a9f2-967689449145,413
9f485f10-7bd6-485b-a9f2-967689449145,602
9f485f10-7bd6-485b-a9f2-967689449145,1321
9f485f10-7bd6-485b-a9f2-967689449145,123
b6ca6347-45a3-4d1d-85ef-4d8a04292324,157
b6ca6347-45a3-4d1d-85ef-4d8a04292324,69
b6ca6347-45a3-4d1d-85ef-4d8a04292324,29
b6ca6347-45a3-4d1d-85ef-4d8a04292324,28
b6ca6347-45a3-4d1d-85ef-4d8a04292324,1881
b6ca6347-45a3-4d1d-85ef-4d8a04292324,9330
e68f7013-bd81-41e1-a8dd-ad044ddf597a,4688
e68f7013-bd81-41e1-a8dd-ad044ddf597a,30
e68f7013-bd81-41e1-a8dd-ad044ddf597a,3542
e68f7013-bd81-41e1-a8dd-ad044ddf597a,22
e68f7013-bd81-41e1-a8dd-ad044ddf597a,77
a507601c-13b2-43e4-9c7f-177b3dd104f0,1933
a507601c-13b2-43e4-9c7f-177b3dd104f0,9331
a507601c-13b2-43e4-9c7f-177b3dd104f0,1299
a507601c-13b2-43e4-9c7f-177b3dd104f0,269
a507601c-13b2-43e4-9c7f-177b3dd104f0,1778
a507601c-13b2-43e4-9c7f-177b3dd104f0,1031
5237bf48-25e5-4a73-81f1-0e374b70a423,565
5237bf48-25e5-4a73-81f1-0e374b70a423,196
5237bf48-25e5-4a73-81f1-0e374b70a423,113
5237bf48-25e5-4a73-81f1-0e374b70a423,102
5237bf48-25e5-4a73-81f1-0e374b70a423,601
5237bf48-25e5-4a73-81f1-0e374b70a423,5250
6ac1ce36-677b-4986-90ef-05eb24746af1,225
6ac1ce36-677b-4986-90ef-05eb24746af1,2833
6ac1ce36-677b-4986-90ef-05eb24746af1,2837
6ac1ce36-677b-4986-90ef-05eb24746af1,2754
6ac1ce36-677b-4986-90ef-05eb24746af1,371
6ac1ce36-677b-4986-90ef-05eb24746af1,2254
6ac1ce36-677b-4986-90ef-05eb24746af1,681
6ac1ce36-677b-4986-90ef-05eb24746af1,3030
4bc1a5b1-e2c9-4c56-8f85-8e2e5474b0a4,4041
4bc1a5b1-e2c9-4c56-8f85-8e2e5474b0a4,3681
4bc1a5b1-e2c9-4c56-8f85-8e2e5474b0a4,3340
4bc1a5b1-e2c9-4c56-8f85-8e2e5474b0a4,3542
4bc1a5b1-e2c9-4c56-8f85-8e2e5474b0a4,757
5e18225a-fb16-48e3-8372-7967aad1e215,512
5e18225a-fb16-48e3-8372-7967aad1e215,259
5e18225a-fb16-48e3-8372-7967aad1e215,3819
5e18225a-fb16-48e3-8372-7967aad1e215,3158
5e18225a-fb16-48e3-8372-7967aad1e215,150
5e18225a-fb16-48e3-8372-7967aad1e215,127
5e18225a-fb16-48e3-8372-7967aad1e215,197
5e18225a-fb16-48e3-8372-7967aad1e215,273
5e18225a-fb16-48e3-8372-7967aad1e215,26
a99d5960-9803-4df2-aa16-981af4a8a414,4688
a99d5960-9803-4df2-aa16-981af4a8a414,30
a99d5960-9803-4df2-aa16-981af4a8a414,124
396e5fcc-e388-49a1-9f82-f625c28248b1,91
396e5fcc-e388-49a1-9f82-f625c28248b1,104
396e5fcc-e388-49a1-9f82-f625c28248b1,92
396e5fcc-e388-49a1-9f82-f625c28248b1,4688
396e5fcc-e388-49a1-9f82-f625c28248b1,30
2451b04c-4ced-413d-a1e1-be4d639abfc4,9332
2451b04c-4ced-413d-a1e1-be4d639abfc4,8385
2451b04c-4ced-413d-a1e1-be4d639abfc4,9333
2451b04c-4ced-413d-a1e1-be4d639abfc4,9334
42c20f00-9bab-43b6-8234-0c6455d0c5cd,9335
42c20f00-9bab-43b6-8234-0c6455d0c5cd,55
42c20f00-9bab-43b6-8234-0c6455d0c5cd,51
42c20f00-9bab-43b6-8234-0c6455d0c5cd,242
ffff9275-aa77-4802-9790-17fad8db14b6,680
ffff9275-aa77-4802-9790-17fad8db14b6,111
ffff9275-aa77-4802-9790-17fad8db14b6,273
ffff9275-aa77-4802-9790-17fad8db14b6,26
2654b6d6-568c-45ce-a65c-8841b523517a,139
2654b6d6-568c-45ce-a65c-8841b523517a,5004
2654b6d6-568c-45ce-a65c-8841b523517a,139
2654b6d6-568c-45ce-a65c-8841b523517a,165
2654b6d6-568c-45ce-a65c-8841b523517a,126
2654b6d6-568c-45ce-a65c-8841b523517a,50
2654b6d6-568c-45ce-a65c-8841b523517a,182
2654b6d6-568c-45ce-a65c-8841b523517a,126
bb9c9664-c12b-4525-8ed3-213997426594,3612
bb9c9664-c12b-4525-8ed3-213997426594,123
bb9c9664-c12b-4525-8ed3-213997426594,554
bb9c9664-c12b-4525-8ed3-213997426594,51
3e7a5097-15b1-4f1e-b343-b06f74cc224b,16
3e7a5097-15b1-4f1e-b343-b06f74cc224b,65
3e7a5097-15b1-4f1e-b343-b06f74cc224b,66
3e7a5097-15b1-4f1e-b343-b06f74cc224b,1809
3e7a5097-15b1-4f1e-b343-b06f74cc224b,188
3e7a5097-15b1-4f1e-b343-b06f74cc224b,926
3e7a5097-15b1-4f1e-b343-b06f74cc224b,1447
3e7a5097-15b1-4f1e-b343-b06f74cc224b,69
c9b94a62-c80c-48b9-99f5-263d0b7907d8,2626
c9b94a62-c80c-48b9-99f5-263d0b7907d8,262
c9b94a62-c80c-48b9-99f5-263d0b7907d8,8
c9b94a62-c80c-48b9-99f5-263d0b7907d8,88
c9b94a62-c80c-48b9-99f5-263d0b7907d8,2626
c9b94a62-c80c-48b9-99f5-263d0b7907d8,8300
c9b94a62-c80c-48b9-99f5-263d0b7907d8,3239
c9b94a62-c80c-48b9-99f5-263d0b7907d8,8537
b8e7e99f-03aa-4db2-86bc-472ae6f42745,363
b8e7e99f-03aa-4db2-86bc-472ae6f42745,43
b8e7e99f-03aa-4db2-86bc-472ae6f42745,101
b8e7e99f-03aa-4db2-86bc-472ae6f42745,38
b8e7e99f-03aa-4db2-86bc-472ae6f42745,3158
b8e7e99f-03aa-4db2-86bc-472ae6f42745,363
b8e7e99f-03aa-4db2-86bc-472ae6f42745,38
b8e7e99f-03aa-4db2-86bc-472ae6f42745,620
b8e7e99f-03aa-4db2-86bc-472ae6f42745,2805
b8e7e99f-03aa-4db2-86bc-472ae6f42745,4495
b8e7e99f-03aa-4db2-86bc-472ae6f42745,4250
b8e7e99f-03aa-4db2-86bc-472ae6f42745,999
7ee17c5d-2d57-4179-b42a-6213d5278303,143
7ee17c5d-2d57-4179-b42a-6213d5278303,44
7ee17c5d-2d57-4179-b42a-6213d5278303,143
7ee17c5d-2d57-4179-b42a-6213d5278303,385
7ee17c5d-2d57-4179-b42a-6213d5278303,465
7ee17c5d-2d57-4179-b42a-6213d5278303,757
7ee17c5d-2d57-4179-b42a-6213d5278303,143
7ee17c5d-2d57-4179-b42a-6213d5278303,38
7ee17c5d-2d57-4179-b42a-6213d5278303,143
7ee17c5d-2d57-4179-b42a-6213d5278303,70
1f37cc01-5816-4c09-bc9a-7c4a9718244c,143
1f37cc01-5816-4c09-bc9a-7c4a9718244c,44
1f37cc01-5816-4c09-bc9a-7c4a9718244c,143
1f37cc01-5816-4c09-bc9a-7c4a9718244c,385
1f37cc01-5816-4c09-bc9a-7c4a9718244c,465
1f37cc01-5816-4c09-bc9a-7c4a9718244c,757
1f37cc01-5816-4c09-bc9a-7c4a9718244c,143
1f37cc01-5816-4c09-bc9a-7c4a9718244c,38
1f37cc01-5816-4c09-bc9a-7c4a9718244c,143
1f37cc01-5816-4c09-bc9a-7c4a9718244c,70
dec18386-7572-4600-aebd-ab3a3fa32b4f,143
dec18386-7572-4600-aebd-ab3a3fa32b4f,44
dec18386-7572-4600-aebd-ab3a3fa32b4f,143
dec18386-7572-4600-aebd-ab3a3fa32b4f,385
dec18386-7572-4600-aebd-ab3a3fa32b4f,465
dec18386-7572-4600-aebd-ab3a3fa32b4f,757
dec18386-7572-4600-aebd-ab3a3fa32b4f,143
dec18386-7572-4600-aebd-ab3a3fa32b4f,38
dec18386-7572-4600-aebd-ab3a3fa32b4f,143
dec18386-7572-4600-aebd-ab3a3fa32b4f,70
7715d28a-f1b5-4a1b-b8b4-9de63c8005e1,9336
7715d28a-f1b5-4a1b-b8b4-9de63c8005e1,9337
7715d28a-f1b5-4a1b-b8b4-9de63c8005e1,9338
7715d28a-f1b5-4a1b-b8b4-9de63c8005e1,9339
7715d28a-f1b5-4a1b-b8b4-9de63c8005e1,9340
7715d28a-f1b5-4a1b-b8b4-9de63c8005e1,9341
2f022072-863c-4cc7-a87f-331731632f7c,23
2f022072-863c-4cc7-a87f-331731632f7c,28
2f022072-863c-4cc7-a87f-331731632f7c,30
2f022072-863c-4cc7-a87f-331731632f7c,29
2f022072-863c-4cc7-a87f-331731632f7c,63
d8b7c6ae-e4be-4631-8e5e-34d5dcaf620a,157
d8b7c6ae-e4be-4631-8e5e-34d5dcaf620a,69
d8b7c6ae-e4be-4631-8e5e-34d5dcaf620a,117
d8b7c6ae-e4be-4631-8e5e-34d5dcaf620a,111
d8b7c6ae-e4be-4631-8e5e-34d5dcaf620a,504
d8b7c6ae-e4be-4631-8e5e-34d5dcaf620a,158
d8b7c6ae-e4be-4631-8e5e-34d5dcaf620a,16
3f6a03a7-6217-4d70-9bf5-0c229cf768f3,187
3f6a03a7-6217-4d70-9bf5-0c229cf768f3,33
3f6a03a7-6217-4d70-9bf5-0c229cf768f3,7555
3f6a03a7-6217-4d70-9bf5-0c229cf768f3,182
3f6a03a7-6217-4d70-9bf5-0c229cf768f3,208
3f6a03a7-6217-4d70-9bf5-0c229cf768f3,72
3f6a03a7-6217-4d70-9bf5-0c229cf768f3,72
3f6a03a7-6217-4d70-9bf5-0c229cf768f3,38
3f6a03a7-6217-4d70-9bf5-0c229cf768f3,183
3f6a03a7-6217-4d70-9bf5-0c229cf768f3,26
3f6a03a7-6217-4d70-9bf5-0c229cf768f3,38
9738405b-be37-404d-8f09-43865a211ec3,124
9738405b-be37-404d-8f09-43865a211ec3,160
9738405b-be37-404d-8f09-43865a211ec3,22
9738405b-be37-404d-8f09-43865a211ec3,55
0e937186-7936-4856-849b-95334a99a6af,154
0e937186-7936-4856-849b-95334a99a6af,484
0e937186-7936-4856-849b-95334a99a6af,154
0e937186-7936-4856-849b-95334a99a6af,21
0e937186-7936-4856-849b-95334a99a6af,920
0e937186-7936-4856-849b-95334a99a6af,935
22ea45b9-d963-4887-95d1-13cd2586ef3a,509
22ea45b9-d963-4887-95d1-13cd2586ef3a,105
22ea45b9-d963-4887-95d1-13cd2586ef3a,17
22ea45b9-d963-4887-95d1-13cd2586ef3a,22
22ea45b9-d963-4887-95d1-13cd2586ef3a,9342
22ea45b9-d963-4887-95d1-13cd2586ef3a,9343
22ea45b9-d963-4887-95d1-13cd2586ef3a,591
22ea45b9-d963-4887-95d1-13cd2586ef3a,9344
22ea45b9-d963-4887-95d1-13cd2586ef3a,9345
8d741a26-ea5c-4c69-9dab-6341052e48e3,137
8d741a26-ea5c-4c69-9dab-6341052e48e3,461
8d741a26-ea5c-4c69-9dab-6341052e48e3,636
8d741a26-ea5c-4c69-9dab-6341052e48e3,473
8d741a26-ea5c-4c69-9dab-6341052e48e3,586
8d741a26-ea5c-4c69-9dab-6341052e48e3,636
8d741a26-ea5c-4c69-9dab-6341052e48e3,2925
939931f6-183c-46e0-a8da-1464aa7bc66c,115
939931f6-183c-46e0-a8da-1464aa7bc66c,149
939931f6-183c-46e0-a8da-1464aa7bc66c,273
939931f6-183c-46e0-a8da-1464aa7bc66c,26
939931f6-183c-46e0-a8da-1464aa7bc66c,115
939931f6-183c-46e0-a8da-1464aa7bc66c,563
db4436b5-631c-4a43-acd4-404a58e2866f,1181
db4436b5-631c-4a43-acd4-404a58e2866f,55
db4436b5-631c-4a43-acd4-404a58e2866f,242
bf1ab9c0-12cb-402a-ac01-3179dddf2e61,4688
bf1ab9c0-12cb-402a-ac01-3179dddf2e61,30
bf1ab9c0-12cb-402a-ac01-3179dddf2e61,2162
bf1ab9c0-12cb-402a-ac01-3179dddf2e61,3330
bf1ab9c0-12cb-402a-ac01-3179dddf2e61,2429
bf1ab9c0-12cb-402a-ac01-3179dddf2e61,3332
6e3780d5-8dbd-4884-9222-02187fffbe81,52
6e3780d5-8dbd-4884-9222-02187fffbe81,2936
6e3780d5-8dbd-4884-9222-02187fffbe81,51
6e3780d5-8dbd-4884-9222-02187fffbe81,321
6e3780d5-8dbd-4884-9222-02187fffbe81,115
6e3780d5-8dbd-4884-9222-02187fffbe81,52
6e3780d5-8dbd-4884-9222-02187fffbe81,115
db615d54-7abd-43ec-9e7d-a54cc816dd47,163
db615d54-7abd-43ec-9e7d-a54cc816dd47,643
db615d54-7abd-43ec-9e7d-a54cc816dd47,9346
db615d54-7abd-43ec-9e7d-a54cc816dd47,451
db615d54-7abd-43ec-9e7d-a54cc816dd47,269
db615d54-7abd-43ec-9e7d-a54cc816dd47,453
db615d54-7abd-43ec-9e7d-a54cc816dd47,118
db615d54-7abd-43ec-9e7d-a54cc816dd47,620
db615d54-7abd-43ec-9e7d-a54cc816dd47,1837
db615d54-7abd-43ec-9e7d-a54cc816dd47,2182
db615d54-7abd-43ec-9e7d-a54cc816dd47,29
0f68d1d2-3e84-4979-983c-70cab1341b9f,138
0f68d1d2-3e84-4979-983c-70cab1341b9f,222
0f68d1d2-3e84-4979-983c-70cab1341b9f,9321
0f68d1d2-3e84-4979-983c-70cab1341b9f,571
0ceff908-b0cc-4033-bc28-ea4afe61db99,84
0ceff908-b0cc-4033-bc28-ea4afe61db99,98
0ceff908-b0cc-4033-bc28-ea4afe61db99,11
0ceff908-b0cc-4033-bc28-ea4afe61db99,8
0ceff908-b0cc-4033-bc28-ea4afe61db99,182
0ceff908-b0cc-4033-bc28-ea4afe61db99,222
0ceff908-b0cc-4033-bc28-ea4afe61db99,1210
0ceff908-b0cc-4033-bc28-ea4afe61db99,1127
0ceff908-b0cc-4033-bc28-ea4afe61db99,632
0ceff908-b0cc-4033-bc28-ea4afe61db99,7000
0ceff908-b0cc-4033-bc28-ea4afe61db99,1114
0ceff908-b0cc-4033-bc28-ea4afe61db99,3701
0ceff908-b0cc-4033-bc28-ea4afe61db99,6064
0ceff908-b0cc-4033-bc28-ea4afe61db99,2296
0ceff908-b0cc-4033-bc28-ea4afe61db99,3926
2b7b3917-2b7f-4064-aa9c-6536d1384b1f,303
2b7b3917-2b7f-4064-aa9c-6536d1384b1f,55
2b7b3917-2b7f-4064-aa9c-6536d1384b1f,44
2b7b3917-2b7f-4064-aa9c-6536d1384b1f,830
2b7b3917-2b7f-4064-aa9c-6536d1384b1f,591
2b7b3917-2b7f-4064-aa9c-6536d1384b1f,122
0e648138-2db2-4f9e-b8fd-95d39b5741d5,102
0e648138-2db2-4f9e-b8fd-95d39b5741d5,2925
0e648138-2db2-4f9e-b8fd-95d39b5741d5,1435
0e648138-2db2-4f9e-b8fd-95d39b5741d5,84
0e648138-2db2-4f9e-b8fd-95d39b5741d5,102
0e648138-2db2-4f9e-b8fd-95d39b5741d5,63
70aa6be9-7b1a-4d02-8516-2f226c6446a7,461
70aa6be9-7b1a-4d02-8516-2f226c6446a7,636
70aa6be9-7b1a-4d02-8516-2f226c6446a7,137
70aa6be9-7b1a-4d02-8516-2f226c6446a7,204
70aa6be9-7b1a-4d02-8516-2f226c6446a7,21
70aa6be9-7b1a-4d02-8516-2f226c6446a7,640
70aa6be9-7b1a-4d02-8516-2f226c6446a7,271
04ca7eda-07a3-4ceb-be18-8921e37c7d74,8
04ca7eda-07a3-4ceb-be18-8921e37c7d74,105
04ca7eda-07a3-4ceb-be18-8921e37c7d74,8
04ca7eda-07a3-4ceb-be18-8921e37c7d74,509
04ca7eda-07a3-4ceb-be18-8921e37c7d74,105
04ca7eda-07a3-4ceb-be18-8921e37c7d74,4845
04ca7eda-07a3-4ceb-be18-8921e37c7d74,339
04ca7eda-07a3-4ceb-be18-8921e37c7d74,3694
04ca7eda-07a3-4ceb-be18-8921e37c7d74,9347
04ca7eda-07a3-4ceb-be18-8921e37c7d74,9348
04ca7eda-07a3-4ceb-be18-8921e37c7d74,3694
e643ab11-4b5d-4690-bdf2-a6c75d273fec,8385
e643ab11-4b5d-4690-bdf2-a6c75d273fec,778
e643ab11-4b5d-4690-bdf2-a6c75d273fec,9349
34bde59f-bc47-44fb-81e8-1d675ca36df6,8
34bde59f-bc47-44fb-81e8-1d675ca36df6,335
34bde59f-bc47-44fb-81e8-1d675ca36df6,1760
34bde59f-bc47-44fb-81e8-1d675ca36df6,2495
34bde59f-bc47-44fb-81e8-1d675ca36df6,1883
34bde59f-bc47-44fb-81e8-1d675ca36df6,215
34bde59f-bc47-44fb-81e8-1d675ca36df6,122
b501546f-657e-4455-8006-d0a5cd897749,565
b501546f-657e-4455-8006-d0a5cd897749,9350
b501546f-657e-4455-8006-d0a5cd897749,565
b501546f-657e-4455-8006-d0a5cd897749,196
b501546f-657e-4455-8006-d0a5cd897749,113
006aab10-ce8e-4a74-aadc-202659c2e2b1,451
006aab10-ce8e-4a74-aadc-202659c2e2b1,269
006aab10-ce8e-4a74-aadc-202659c2e2b1,118
006aab10-ce8e-4a74-aadc-202659c2e2b1,29
006aab10-ce8e-4a74-aadc-202659c2e2b1,2182
006aab10-ce8e-4a74-aadc-202659c2e2b1,453
4d0d5ca1-0e3e-4709-9b43-3fb58b57869c,157
4d0d5ca1-0e3e-4709-9b43-3fb58b57869c,69
4d0d5ca1-0e3e-4709-9b43-3fb58b57869c,117
4d0d5ca1-0e3e-4709-9b43-3fb58b57869c,111
4d0d5ca1-0e3e-4709-9b43-3fb58b57869c,6868
28c482c8-3f29-4c4d-abae-c3ea636d65c1,240
28c482c8-3f29-4c4d-abae-c3ea636d65c1,241
28c482c8-3f29-4c4d-abae-c3ea636d65c1,55
28c482c8-3f29-4c4d-abae-c3ea636d65c1,195
28c482c8-3f29-4c4d-abae-c3ea636d65c1,196
28c482c8-3f29-4c4d-abae-c3ea636d65c1,197
28c482c8-3f29-4c4d-abae-c3ea636d65c1,565
28c482c8-3f29-4c4d-abae-c3ea636d65c1,20
28c482c8-3f29-4c4d-abae-c3ea636d65c1,21
28c482c8-3f29-4c4d-abae-c3ea636d65c1,58
28c482c8-3f29-4c4d-abae-c3ea636d65c1,59
28c482c8-3f29-4c4d-abae-c3ea636d65c1,127
28c482c8-3f29-4c4d-abae-c3ea636d65c1,197
b47abab8-758b-4317-be3b-a2b8fb15d820,4041
b47abab8-758b-4317-be3b-a2b8fb15d820,1412
b47abab8-758b-4317-be3b-a2b8fb15d820,8
b47abab8-758b-4317-be3b-a2b8fb15d820,121
b47abab8-758b-4317-be3b-a2b8fb15d820,63
b47abab8-758b-4317-be3b-a2b8fb15d820,3918
b47abab8-758b-4317-be3b-a2b8fb15d820,8
b47abab8-758b-4317-be3b-a2b8fb15d820,4371
b47abab8-758b-4317-be3b-a2b8fb15d820,247
b47abab8-758b-4317-be3b-a2b8fb15d820,177
5658611e-8732-47e8-b193-538392ec9395,55
5658611e-8732-47e8-b193-538392ec9395,9351
5658611e-8732-47e8-b193-538392ec9395,102
5658611e-8732-47e8-b193-538392ec9395,122
5140d65f-c9c2-4102-ade1-a656cce36387,705
5140d65f-c9c2-4102-ade1-a656cce36387,56
5140d65f-c9c2-4102-ade1-a656cce36387,3151
5140d65f-c9c2-4102-ade1-a656cce36387,905
5140d65f-c9c2-4102-ade1-a656cce36387,197
5140d65f-c9c2-4102-ade1-a656cce36387,49
5140d65f-c9c2-4102-ade1-a656cce36387,394
5140d65f-c9c2-4102-ade1-a656cce36387,240
5140d65f-c9c2-4102-ade1-a656cce36387,241
5140d65f-c9c2-4102-ade1-a656cce36387,4584
5140d65f-c9c2-4102-ade1-a656cce36387,59
5c14f2cf-9f83-4b48-b608-8f504edc970c,240
5c14f2cf-9f83-4b48-b608-8f504edc970c,241
5c14f2cf-9f83-4b48-b608-8f504edc970c,56
5c14f2cf-9f83-4b48-b608-8f504edc970c,295
5c14f2cf-9f83-4b48-b608-8f504edc970c,38
5c14f2cf-9f83-4b48-b608-8f504edc970c,515
5c14f2cf-9f83-4b48-b608-8f504edc970c,55
5c14f2cf-9f83-4b48-b608-8f504edc970c,846
5c14f2cf-9f83-4b48-b608-8f504edc970c,911
6f20f57b-6622-494e-81fc-bfb1340d32e5,118
6f20f57b-6622-494e-81fc-bfb1340d32e5,620
6f20f57b-6622-494e-81fc-bfb1340d32e5,1837
6f20f57b-6622-494e-81fc-bfb1340d32e5,451
6f20f57b-6622-494e-81fc-bfb1340d32e5,269
6f20f57b-6622-494e-81fc-bfb1340d32e5,453
6f20f57b-6622-494e-81fc-bfb1340d32e5,29
6f20f57b-6622-494e-81fc-bfb1340d32e5,2182
ea1190eb-c06d-4c91-8b84-c881781af351,465
ea1190eb-c06d-4c91-8b84-c881781af351,764
ea1190eb-c06d-4c91-8b84-c881781af351,83
ea1190eb-c06d-4c91-8b84-c881781af351,50
ea1190eb-c06d-4c91-8b84-c881781af351,763
ea1190eb-c06d-4c91-8b84-c881781af351,102
524b4d8b-c35d-4c77-89d4-8d13cbdb2fab,412
524b4d8b-c35d-4c77-89d4-8d13cbdb2fab,602
3ccfe0ca-0a5c-41d4-91b3-6b86eb5bc477,451
3ccfe0ca-0a5c-41d4-91b3-6b86eb5bc477,269
3ccfe0ca-0a5c-41d4-91b3-6b86eb5bc477,453
3ccfe0ca-0a5c-41d4-91b3-6b86eb5bc477,17
3ccfe0ca-0a5c-41d4-91b3-6b86eb5bc477,22
3ccfe0ca-0a5c-41d4-91b3-6b86eb5bc477,29
3ccfe0ca-0a5c-41d4-91b3-6b86eb5bc477,707
3ccfe0ca-0a5c-41d4-91b3-6b86eb5bc477,17
3ccfe0ca-0a5c-41d4-91b3-6b86eb5bc477,22
3ccfe0ca-0a5c-41d4-91b3-6b86eb5bc477,29
3ccfe0ca-0a5c-41d4-91b3-6b86eb5bc477,204
3ccfe0ca-0a5c-41d4-91b3-6b86eb5bc477,30
815ff3aa-8225-4ed2-81c7-368c5a326843,9352
815ff3aa-8225-4ed2-81c7-368c5a326843,98
815ff3aa-8225-4ed2-81c7-368c5a326843,93
815ff3aa-8225-4ed2-81c7-368c5a326843,213
815ff3aa-8225-4ed2-81c7-368c5a326843,132
379f431a-ce47-4ea1-835d-8855a3e0f7b1,52
379f431a-ce47-4ea1-835d-8855a3e0f7b1,3472
379f431a-ce47-4ea1-835d-8855a3e0f7b1,492
379f431a-ce47-4ea1-835d-8855a3e0f7b1,321
379f431a-ce47-4ea1-835d-8855a3e0f7b1,1064
379f431a-ce47-4ea1-835d-8855a3e0f7b1,4019
379f431a-ce47-4ea1-835d-8855a3e0f7b1,2407
379f431a-ce47-4ea1-835d-8855a3e0f7b1,494
379f431a-ce47-4ea1-835d-8855a3e0f7b1,321
379f431a-ce47-4ea1-835d-8855a3e0f7b1,52
379f431a-ce47-4ea1-835d-8855a3e0f7b1,115
ed184363-abd6-4a50-9c71-14fd6407f90b,117
ed184363-abd6-4a50-9c71-14fd6407f90b,111
ed184363-abd6-4a50-9c71-14fd6407f90b,964
ed184363-abd6-4a50-9c71-14fd6407f90b,1499
ed184363-abd6-4a50-9c71-14fd6407f90b,102
ed184363-abd6-4a50-9c71-14fd6407f90b,162
ed184363-abd6-4a50-9c71-14fd6407f90b,1940
ed184363-abd6-4a50-9c71-14fd6407f90b,293
ed184363-abd6-4a50-9c71-14fd6407f90b,29
ed184363-abd6-4a50-9c71-14fd6407f90b,102
ed184363-abd6-4a50-9c71-14fd6407f90b,2036
35203d5b-8d9b-4719-aeb2-6f5074ac1686,273
35203d5b-8d9b-4719-aeb2-6f5074ac1686,26
ce8e2ce8-0470-4a8b-9c20-f54ca0265cf6,8
ce8e2ce8-0470-4a8b-9c20-f54ca0265cf6,335
ce8e2ce8-0470-4a8b-9c20-f54ca0265cf6,1760
ce8e2ce8-0470-4a8b-9c20-f54ca0265cf6,308
ce8e2ce8-0470-4a8b-9c20-f54ca0265cf6,2495
ce8e2ce8-0470-4a8b-9c20-f54ca0265cf6,1883
ce8e2ce8-0470-4a8b-9c20-f54ca0265cf6,215
ce8e2ce8-0470-4a8b-9c20-f54ca0265cf6,122
692ba9a6-defc-4d0f-a278-423a6f0cfeda,8
692ba9a6-defc-4d0f-a278-423a6f0cfeda,105
692ba9a6-defc-4d0f-a278-423a6f0cfeda,8
692ba9a6-defc-4d0f-a278-423a6f0cfeda,509
692ba9a6-defc-4d0f-a278-423a6f0cfeda,105
692ba9a6-defc-4d0f-a278-423a6f0cfeda,4845
692ba9a6-defc-4d0f-a278-423a6f0cfeda,339
692ba9a6-defc-4d0f-a278-423a6f0cfeda,1119
692ba9a6-defc-4d0f-a278-423a6f0cfeda,3694
692ba9a6-defc-4d0f-a278-423a6f0cfeda,1127
51455974-553e-4f70-b330-1901d9efc34c,8
51455974-553e-4f70-b330-1901d9efc34c,777
51455974-553e-4f70-b330-1901d9efc34c,8
51455974-553e-4f70-b330-1901d9efc34c,5999
4d82f1f3-3bfd-4b4f-b906-501050b7b42c,213
4d82f1f3-3bfd-4b4f-b906-501050b7b42c,187
4d82f1f3-3bfd-4b4f-b906-501050b7b42c,37
4d82f1f3-3bfd-4b4f-b906-501050b7b42c,38
4d82f1f3-3bfd-4b4f-b906-501050b7b42c,138
4d82f1f3-3bfd-4b4f-b906-501050b7b42c,213
4d82f1f3-3bfd-4b4f-b906-501050b7b42c,156
4d82f1f3-3bfd-4b4f-b906-501050b7b42c,8
4d82f1f3-3bfd-4b4f-b906-501050b7b42c,3696
4c04ec87-4051-4ede-a971-ff8badc270f6,9353
4c04ec87-4051-4ede-a971-ff8badc270f6,55
4c04ec87-4051-4ede-a971-ff8badc270f6,594
4c04ec87-4051-4ede-a971-ff8badc270f6,242
4c04ec87-4051-4ede-a971-ff8badc270f6,1188
4c04ec87-4051-4ede-a971-ff8badc270f6,35
9f77d6e9-c0a5-4560-94ba-9451dc779f58,35
9f77d6e9-c0a5-4560-94ba-9451dc779f58,36
9f77d6e9-c0a5-4560-94ba-9451dc779f58,35
9f77d6e9-c0a5-4560-94ba-9451dc779f58,103
9f77d6e9-c0a5-4560-94ba-9451dc779f58,382
9f77d6e9-c0a5-4560-94ba-9451dc779f58,59
9f77d6e9-c0a5-4560-94ba-9451dc779f58,35
9f77d6e9-c0a5-4560-94ba-9451dc779f58,436
9dbabc2a-7042-4d3a-8f8b-33910a8adc04,52
9dbabc2a-7042-4d3a-8f8b-33910a8adc04,3472
9dbabc2a-7042-4d3a-8f8b-33910a8adc04,492
9dbabc2a-7042-4d3a-8f8b-33910a8adc04,321
9dbabc2a-7042-4d3a-8f8b-33910a8adc04,494
9dbabc2a-7042-4d3a-8f8b-33910a8adc04,321
9dbabc2a-7042-4d3a-8f8b-33910a8adc04,9354
9dbabc2a-7042-4d3a-8f8b-33910a8adc04,9355
9dbabc2a-7042-4d3a-8f8b-33910a8adc04,496
9dbabc2a-7042-4d3a-8f8b-33910a8adc04,321
d0360b60-3c3a-47d2-acf0-223ec3248818,124
d0360b60-3c3a-47d2-acf0-223ec3248818,160
d0360b60-3c3a-47d2-acf0-223ec3248818,22
d0360b60-3c3a-47d2-acf0-223ec3248818,55
d0360b60-3c3a-47d2-acf0-223ec3248818,3367
3d246d02-274d-4bba-8760-0ee09fa39b32,29
3d246d02-274d-4bba-8760-0ee09fa39b32,102
3d246d02-274d-4bba-8760-0ee09fa39b32,2036
3d246d02-274d-4bba-8760-0ee09fa39b32,504
3d246d02-274d-4bba-8760-0ee09fa39b32,16
3d246d02-274d-4bba-8760-0ee09fa39b32,9356
abcfded3-fae9-4da5-97e5-658a188a0190,4285
abcfded3-fae9-4da5-97e5-658a188a0190,434
abcfded3-fae9-4da5-97e5-658a188a0190,22
abcfded3-fae9-4da5-97e5-658a188a0190,1146
abcfded3-fae9-4da5-97e5-658a188a0190,586
abcfded3-fae9-4da5-97e5-658a188a0190,1144
abcfded3-fae9-4da5-97e5-658a188a0190,6028
747ffa41-bbdd-492b-9e0d-20f9b49278d3,840
747ffa41-bbdd-492b-9e0d-20f9b49278d3,144
747ffa41-bbdd-492b-9e0d-20f9b49278d3,102
747ffa41-bbdd-492b-9e0d-20f9b49278d3,4894
747ffa41-bbdd-492b-9e0d-20f9b49278d3,332
747ffa41-bbdd-492b-9e0d-20f9b49278d3,4894
8c634482-49e2-4d00-82e9-788283bfe90d,29
8c634482-49e2-4d00-82e9-788283bfe90d,204
8c634482-49e2-4d00-82e9-788283bfe90d,30
8c634482-49e2-4d00-82e9-788283bfe90d,43
8c634482-49e2-4d00-82e9-788283bfe90d,7555
8c634482-49e2-4d00-82e9-788283bfe90d,38
2e7aeab2-a66b-469a-8bf6-5a746933e3b6,451
2e7aeab2-a66b-469a-8bf6-5a746933e3b6,269
2e7aeab2-a66b-469a-8bf6-5a746933e3b6,118
2e7aeab2-a66b-469a-8bf6-5a746933e3b6,453
2e7aeab2-a66b-469a-8bf6-5a746933e3b6,2111
2e7aeab2-a66b-469a-8bf6-5a746933e3b6,455
2e7aeab2-a66b-469a-8bf6-5a746933e3b6,620
2e7aeab2-a66b-469a-8bf6-5a746933e3b6,1837
2e7aeab2-a66b-469a-8bf6-5a746933e3b6,29
2e7aeab2-a66b-469a-8bf6-5a746933e3b6,2108
2e7aeab2-a66b-469a-8bf6-5a746933e3b6,2109
2e7aeab2-a66b-469a-8bf6-5a746933e3b6,3475
2e7aeab2-a66b-469a-8bf6-5a746933e3b6,3564
2e7aeab2-a66b-469a-8bf6-5a746933e3b6,1160
8e3474bc-dd89-4c0c-a84c-4c8ad3e95467,8
8e3474bc-dd89-4c0c-a84c-4c8ad3e95467,87
8e3474bc-dd89-4c0c-a84c-4c8ad3e95467,309
8e3474bc-dd89-4c0c-a84c-4c8ad3e95467,87
8e3474bc-dd89-4c0c-a84c-4c8ad3e95467,9357
8e3474bc-dd89-4c0c-a84c-4c8ad3e95467,102
92a3a94c-c825-4662-97bc-2b9d802618ea,238
92a3a94c-c825-4662-97bc-2b9d802618ea,729
92a3a94c-c825-4662-97bc-2b9d802618ea,88
92a3a94c-c825-4662-97bc-2b9d802618ea,238
92a3a94c-c825-4662-97bc-2b9d802618ea,187
416dd5ce-dd32-4fde-bd1a-0a91a14ecca8,17
416dd5ce-dd32-4fde-bd1a-0a91a14ecca8,22
416dd5ce-dd32-4fde-bd1a-0a91a14ecca8,102
416dd5ce-dd32-4fde-bd1a-0a91a14ecca8,122
18faa057-608d-4cc5-8448-e902b1978a84,135
18faa057-608d-4cc5-8448-e902b1978a84,91
18faa057-608d-4cc5-8448-e902b1978a84,104
18faa057-608d-4cc5-8448-e902b1978a84,91
18faa057-608d-4cc5-8448-e902b1978a84,104
18faa057-608d-4cc5-8448-e902b1978a84,92
18faa057-608d-4cc5-8448-e902b1978a84,4688
18faa057-608d-4cc5-8448-e902b1978a84,30
520a1d77-0114-475f-8622-c46c122a0a82,124
520a1d77-0114-475f-8622-c46c122a0a82,4688
520a1d77-0114-475f-8622-c46c122a0a82,30
520a1d77-0114-475f-8622-c46c122a0a82,1166
4147c684-9a19-4cf5-9f9e-48f7d89b474a,38
4147c684-9a19-4cf5-9f9e-48f7d89b474a,386
4147c684-9a19-4cf5-9f9e-48f7d89b474a,57
3ae3c857-e3f4-449d-a16f-ca2ef5b1b7a2,8
3ae3c857-e3f4-449d-a16f-ca2ef5b1b7a2,182
3ae3c857-e3f4-449d-a16f-ca2ef5b1b7a2,102
3ae3c857-e3f4-449d-a16f-ca2ef5b1b7a2,3932
3ae3c857-e3f4-449d-a16f-ca2ef5b1b7a2,1320
3ae3c857-e3f4-449d-a16f-ca2ef5b1b7a2,473
3ae3c857-e3f4-449d-a16f-ca2ef5b1b7a2,126
3ae3c857-e3f4-449d-a16f-ca2ef5b1b7a2,465
aecbaf94-4098-45e4-a536-bbf29ab9de55,290
aecbaf94-4098-45e4-a536-bbf29ab9de55,291
aecbaf94-4098-45e4-a536-bbf29ab9de55,628
aecbaf94-4098-45e4-a536-bbf29ab9de55,2030
aecbaf94-4098-45e4-a536-bbf29ab9de55,241
aecbaf94-4098-45e4-a536-bbf29ab9de55,7803
aecbaf94-4098-45e4-a536-bbf29ab9de55,291
aecbaf94-4098-45e4-a536-bbf29ab9de55,9358
aecbaf94-4098-45e4-a536-bbf29ab9de55,5000
38cecda7-bb24-4d49-8f67-cada7a740062,429
38cecda7-bb24-4d49-8f67-cada7a740062,122
38cecda7-bb24-4d49-8f67-cada7a740062,187
38cecda7-bb24-4d49-8f67-cada7a740062,35
38cecda7-bb24-4d49-8f67-cada7a740062,174
0f8bf697-8a17-4351-b22d-d0a15ed6c897,295
0f8bf697-8a17-4351-b22d-d0a15ed6c897,38
0f8bf697-8a17-4351-b22d-d0a15ed6c897,670
0f8bf697-8a17-4351-b22d-d0a15ed6c897,216
0f8bf697-8a17-4351-b22d-d0a15ed6c897,70
11acd45e-396b-4a0c-b2b6-7be5a7c36ef7,451
11acd45e-396b-4a0c-b2b6-7be5a7c36ef7,269
11acd45e-396b-4a0c-b2b6-7be5a7c36ef7,453
11acd45e-396b-4a0c-b2b6-7be5a7c36ef7,118
11acd45e-396b-4a0c-b2b6-7be5a7c36ef7,620
11acd45e-396b-4a0c-b2b6-7be5a7c36ef7,1837
11acd45e-396b-4a0c-b2b6-7be5a7c36ef7,29
11acd45e-396b-4a0c-b2b6-7be5a7c36ef7,9359
11acd45e-396b-4a0c-b2b6-7be5a7c36ef7,678
11acd45e-396b-4a0c-b2b6-7be5a7c36ef7,4374
22cbd24b-36a5-4187-8879-ab183e8b67c3,4196
22cbd24b-36a5-4187-8879-ab183e8b67c3,122
22cbd24b-36a5-4187-8879-ab183e8b67c3,4196
22cbd24b-36a5-4187-8879-ab183e8b67c3,2
22cbd24b-36a5-4187-8879-ab183e8b67c3,208
3c096907-2670-45af-9e43-4d828d45b072,465
3c096907-2670-45af-9e43-4d828d45b072,757
3c096907-2670-45af-9e43-4d828d45b072,466
3c096907-2670-45af-9e43-4d828d45b072,7421
3c096907-2670-45af-9e43-4d828d45b072,3030
3c096907-2670-45af-9e43-4d828d45b072,1210
3c096907-2670-45af-9e43-4d828d45b072,84
d0cad16b-7c77-4f79-be71-34700fbdfbeb,138
d0cad16b-7c77-4f79-be71-34700fbdfbeb,9321
d0cad16b-7c77-4f79-be71-34700fbdfbeb,83
d0cad16b-7c77-4f79-be71-34700fbdfbeb,72
d0cad16b-7c77-4f79-be71-34700fbdfbeb,72
d0cad16b-7c77-4f79-be71-34700fbdfbeb,222
b2ecef34-ff7e-4233-b352-7bd3db84991b,29
b2ecef34-ff7e-4233-b352-7bd3db84991b,2005
b2ecef34-ff7e-4233-b352-7bd3db84991b,156
b2ecef34-ff7e-4233-b352-7bd3db84991b,9360
b2ecef34-ff7e-4233-b352-7bd3db84991b,1477
b2ecef34-ff7e-4233-b352-7bd3db84991b,353
b2ecef34-ff7e-4233-b352-7bd3db84991b,111
385c5718-80ba-49f4-88b4-fc8d85a4a897,1321
385c5718-80ba-49f4-88b4-fc8d85a4a897,123
385c5718-80ba-49f4-88b4-fc8d85a4a897,8
385c5718-80ba-49f4-88b4-fc8d85a4a897,9361
385c5718-80ba-49f4-88b4-fc8d85a4a897,757
28505b1e-2be0-4e3e-a956-174e88f7b6cb,44
28505b1e-2be0-4e3e-a956-174e88f7b6cb,1112
28505b1e-2be0-4e3e-a956-174e88f7b6cb,1113
28505b1e-2be0-4e3e-a956-174e88f7b6cb,9
28505b1e-2be0-4e3e-a956-174e88f7b6cb,85
92dd15f8-1163-4e47-a198-2af8537b5575,55
92dd15f8-1163-4e47-a198-2af8537b5575,17
92dd15f8-1163-4e47-a198-2af8537b5575,22
92dd15f8-1163-4e47-a198-2af8537b5575,231
92dd15f8-1163-4e47-a198-2af8537b5575,77
115736de-5b8c-4d29-ad2e-8898f9a19e77,3911
115736de-5b8c-4d29-ad2e-8898f9a19e77,102
115736de-5b8c-4d29-ad2e-8898f9a19e77,142
115736de-5b8c-4d29-ad2e-8898f9a19e77,84
115736de-5b8c-4d29-ad2e-8898f9a19e77,98
115736de-5b8c-4d29-ad2e-8898f9a19e77,11
115736de-5b8c-4d29-ad2e-8898f9a19e77,757
115736de-5b8c-4d29-ad2e-8898f9a19e77,466
0e80f60f-45a9-4c29-a4b0-6743f238591d,8
0e80f60f-45a9-4c29-a4b0-6743f238591d,105
0e80f60f-45a9-4c29-a4b0-6743f238591d,4845
0e80f60f-45a9-4c29-a4b0-6743f238591d,339
0e80f60f-45a9-4c29-a4b0-6743f238591d,1127
0e80f60f-45a9-4c29-a4b0-6743f238591d,3694
0e80f60f-45a9-4c29-a4b0-6743f238591d,8
0e80f60f-45a9-4c29-a4b0-6743f238591d,509
0e80f60f-45a9-4c29-a4b0-6743f238591d,105
0e80f60f-45a9-4c29-a4b0-6743f238591d,1119
a3b32cef-4240-4466-b3d1-3da4b4b67746,5209
a3b32cef-4240-4466-b3d1-3da4b4b67746,427
a3b32cef-4240-4466-b3d1-3da4b4b67746,4540
a3b32cef-4240-4466-b3d1-3da4b4b67746,792
a3b32cef-4240-4466-b3d1-3da4b4b67746,122
a3b32cef-4240-4466-b3d1-3da4b4b67746,224
e7f0f9c0-f733-47d2-aa61-09c7d53ae85a,17
e7f0f9c0-f733-47d2-aa61-09c7d53ae85a,22
e7f0f9c0-f733-47d2-aa61-09c7d53ae85a,27
e7f0f9c0-f733-47d2-aa61-09c7d53ae85a,21
e7f0f9c0-f733-47d2-aa61-09c7d53ae85a,5822
e7f0f9c0-f733-47d2-aa61-09c7d53ae85a,9362
e7f0f9c0-f733-47d2-aa61-09c7d53ae85a,4489
f14dc4aa-4c94-4a5f-9bc2-d4622e043e88,4688
f14dc4aa-4c94-4a5f-9bc2-d4622e043e88,30
f14dc4aa-4c94-4a5f-9bc2-d4622e043e88,867
adcf6fe8-ed82-426e-825a-901abce58b36,118
adcf6fe8-ed82-426e-825a-901abce58b36,8581
6ee138d1-5e46-4b40-9023-4cf3481ef1b1,8
6ee138d1-5e46-4b40-9023-4cf3481ef1b1,396
6ee138d1-5e46-4b40-9023-4cf3481ef1b1,9
6ee138d1-5e46-4b40-9023-4cf3481ef1b1,8212
6ee138d1-5e46-4b40-9023-4cf3481ef1b1,8
6ee138d1-5e46-4b40-9023-4cf3481ef1b1,2178
6ee138d1-5e46-4b40-9023-4cf3481ef1b1,588
f15d06d9-2436-4799-a1ef-c90b629b763e,118
f15d06d9-2436-4799-a1ef-c90b629b763e,451
f15d06d9-2436-4799-a1ef-c90b629b763e,269
f15d06d9-2436-4799-a1ef-c90b629b763e,453
4e7a60ad-83de-493c-b0bf-3beb5c244963,433
4e7a60ad-83de-493c-b0bf-3beb5c244963,26
4e7a60ad-83de-493c-b0bf-3beb5c244963,2684
4e7a60ad-83de-493c-b0bf-3beb5c244963,431
4e7a60ad-83de-493c-b0bf-3beb5c244963,432
4e7a60ad-83de-493c-b0bf-3beb5c244963,301
4e7a60ad-83de-493c-b0bf-3beb5c244963,9363
4e7a60ad-83de-493c-b0bf-3beb5c244963,337
4e7a60ad-83de-493c-b0bf-3beb5c244963,301
4e7a60ad-83de-493c-b0bf-3beb5c244963,337
4e7a60ad-83de-493c-b0bf-3beb5c244963,786
3bfb340e-d0be-4d2c-9a7b-62326e135ed0,118
3bfb340e-d0be-4d2c-9a7b-62326e135ed0,4001
3bfb340e-d0be-4d2c-9a7b-62326e135ed0,2197
3bfb340e-d0be-4d2c-9a7b-62326e135ed0,625
3bfb340e-d0be-4d2c-9a7b-62326e135ed0,9364
90a18c30-a468-4c17-b58f-24273afb4e48,9365
90a18c30-a468-4c17-b58f-24273afb4e48,7491
90a18c30-a468-4c17-b58f-24273afb4e48,211
90a18c30-a468-4c17-b58f-24273afb4e48,9366
90a18c30-a468-4c17-b58f-24273afb4e48,9367
32e83e51-c4c7-4917-8d65-0d00c6972e53,412
32e83e51-c4c7-4917-8d65-0d00c6972e53,602
32e83e51-c4c7-4917-8d65-0d00c6972e53,412
32e83e51-c4c7-4917-8d65-0d00c6972e53,102
32e83e51-c4c7-4917-8d65-0d00c6972e53,122
32e83e51-c4c7-4917-8d65-0d00c6972e53,413
32e83e51-c4c7-4917-8d65-0d00c6972e53,602
32e83e51-c4c7-4917-8d65-0d00c6972e53,1321
32e83e51-c4c7-4917-8d65-0d00c6972e53,123
32e83e51-c4c7-4917-8d65-0d00c6972e53,4858
32e83e51-c4c7-4917-8d65-0d00c6972e53,765
32e83e51-c4c7-4917-8d65-0d00c6972e53,123
3f6e4891-97df-4f1b-afd5-238e63e4c6d3,56
3f6e4891-97df-4f1b-afd5-238e63e4c6d3,295
3f6e4891-97df-4f1b-afd5-238e63e4c6d3,56
3f6e4891-97df-4f1b-afd5-238e63e4c6d3,670
3f6e4891-97df-4f1b-afd5-238e63e4c6d3,295
3f6e4891-97df-4f1b-afd5-238e63e4c6d3,38
3f6e4891-97df-4f1b-afd5-238e63e4c6d3,7852
3f6e4891-97df-4f1b-afd5-238e63e4c6d3,56
3f6e4891-97df-4f1b-afd5-238e63e4c6d3,4281
3f6e4891-97df-4f1b-afd5-238e63e4c6d3,17
3f6e4891-97df-4f1b-afd5-238e63e4c6d3,22
3f6e4891-97df-4f1b-afd5-238e63e4c6d3,5962
3f6e4891-97df-4f1b-afd5-238e63e4c6d3,38
3f6e4891-97df-4f1b-afd5-238e63e4c6d3,26
3f6e4891-97df-4f1b-afd5-238e63e4c6d3,38
f1c9fd7f-ab86-4d8a-a2ab-772f1e114023,295
f1c9fd7f-ab86-4d8a-a2ab-772f1e114023,38
f1c9fd7f-ab86-4d8a-a2ab-772f1e114023,9368
f1c9fd7f-ab86-4d8a-a2ab-772f1e114023,182
f12b4043-511a-49bd-877c-5015fdf7ad38,4688
f12b4043-511a-49bd-877c-5015fdf7ad38,30
f12b4043-511a-49bd-877c-5015fdf7ad38,867
14217a1f-bb16-4e4b-a4b5-5231c9ee9861,149
14217a1f-bb16-4e4b-a4b5-5231c9ee9861,2481
14217a1f-bb16-4e4b-a4b5-5231c9ee9861,143
14217a1f-bb16-4e4b-a4b5-5231c9ee9861,44
14217a1f-bb16-4e4b-a4b5-5231c9ee9861,8
14217a1f-bb16-4e4b-a4b5-5231c9ee9861,182
14217a1f-bb16-4e4b-a4b5-5231c9ee9861,400
14217a1f-bb16-4e4b-a4b5-5231c9ee9861,2898
14217a1f-bb16-4e4b-a4b5-5231c9ee9861,8
14217a1f-bb16-4e4b-a4b5-5231c9ee9861,402
7492316d-f1c5-4c5a-88a7-480e15dec0a2,429
7492316d-f1c5-4c5a-88a7-480e15dec0a2,122
7492316d-f1c5-4c5a-88a7-480e15dec0a2,35
7492316d-f1c5-4c5a-88a7-480e15dec0a2,174
7492316d-f1c5-4c5a-88a7-480e15dec0a2,187
7492316d-f1c5-4c5a-88a7-480e15dec0a2,263
7492316d-f1c5-4c5a-88a7-480e15dec0a2,70
86579405-e35b-4553-9420-f491c6062b6e,72
86579405-e35b-4553-9420-f491c6062b6e,138
86579405-e35b-4553-9420-f491c6062b6e,1116
b4ef82a3-4439-407f-9af5-6fe57334e27e,396
b4ef82a3-4439-407f-9af5-6fe57334e27e,182
b4ef82a3-4439-407f-9af5-6fe57334e27e,1836
b4ef82a3-4439-407f-9af5-6fe57334e27e,777
b4ef82a3-4439-407f-9af5-6fe57334e27e,8
b4ef82a3-4439-407f-9af5-6fe57334e27e,3727
11cd4029-d277-44f5-916f-71384fd8e8d6,9369
11cd4029-d277-44f5-916f-71384fd8e8d6,3109
11cd4029-d277-44f5-916f-71384fd8e8d6,6467
11cd4029-d277-44f5-916f-71384fd8e8d6,437
11cd4029-d277-44f5-916f-71384fd8e8d6,59
11cd4029-d277-44f5-916f-71384fd8e8d6,1752
11cd4029-d277-44f5-916f-71384fd8e8d6,105
11cd4029-d277-44f5-916f-71384fd8e8d6,814
11cd4029-d277-44f5-916f-71384fd8e8d6,3156
11cd4029-d277-44f5-916f-71384fd8e8d6,305
445b877c-2def-4421-9ffd-1d072bdb81d2,388
445b877c-2def-4421-9ffd-1d072bdb81d2,1384
445b877c-2def-4421-9ffd-1d072bdb81d2,586
445b877c-2def-4421-9ffd-1d072bdb81d2,111
445b877c-2def-4421-9ffd-1d072bdb81d2,4179
445b877c-2def-4421-9ffd-1d072bdb81d2,1567
445b877c-2def-4421-9ffd-1d072bdb81d2,122
445b877c-2def-4421-9ffd-1d072bdb81d2,652
445b877c-2def-4421-9ffd-1d072bdb81d2,1818
445b877c-2def-4421-9ffd-1d072bdb81d2,65
d6e92b00-b7c2-44f7-b96f-da3e9d8c7681,469
d6e92b00-b7c2-44f7-b96f-da3e9d8c7681,102
d6e92b00-b7c2-44f7-b96f-da3e9d8c7681,465
d6e92b00-b7c2-44f7-b96f-da3e9d8c7681,335
d6e92b00-b7c2-44f7-b96f-da3e9d8c7681,5825
d6e92b00-b7c2-44f7-b96f-da3e9d8c7681,228
d6e92b00-b7c2-44f7-b96f-da3e9d8c7681,8886
d6e92b00-b7c2-44f7-b96f-da3e9d8c7681,222
19e2ba95-373f-4091-9ca6-3cef5331bacb,469
19e2ba95-373f-4091-9ca6-3cef5331bacb,102
19e2ba95-373f-4091-9ca6-3cef5331bacb,228
19e2ba95-373f-4091-9ca6-3cef5331bacb,5825
19e2ba95-373f-4091-9ca6-3cef5331bacb,8886
19e2ba95-373f-4091-9ca6-3cef5331bacb,465
19e2ba95-373f-4091-9ca6-3cef5331bacb,335
19e2ba95-373f-4091-9ca6-3cef5331bacb,222
2ca6fcc0-4e7d-4fb9-b4cb-12e19d6338cd,240
2ca6fcc0-4e7d-4fb9-b4cb-12e19d6338cd,241
2ca6fcc0-4e7d-4fb9-b4cb-12e19d6338cd,204
2ca6fcc0-4e7d-4fb9-b4cb-12e19d6338cd,50
27fa767d-574d-442f-8940-cf35f8a8d1e9,1224
27fa767d-574d-442f-8940-cf35f8a8d1e9,545
27fa767d-574d-442f-8940-cf35f8a8d1e9,7925
27fa767d-574d-442f-8940-cf35f8a8d1e9,9370
faea8981-d71e-45e2-8ed6-052110ceb865,3475
faea8981-d71e-45e2-8ed6-052110ceb865,55
4fd8ced5-f8bd-4a2a-8d7f-f566a10fc1ad,51
4fd8ced5-f8bd-4a2a-8d7f-f566a10fc1ad,16
4fd8ced5-f8bd-4a2a-8d7f-f566a10fc1ad,8727
7e748c78-05b0-401e-ab55-72f2670a4b45,451
7e748c78-05b0-401e-ab55-72f2670a4b45,269
7e748c78-05b0-401e-ab55-72f2670a4b45,453
7e748c78-05b0-401e-ab55-72f2670a4b45,118
7e748c78-05b0-401e-ab55-72f2670a4b45,29
7e748c78-05b0-401e-ab55-72f2670a4b45,2182
7e748c78-05b0-401e-ab55-72f2670a4b45,9371
7e748c78-05b0-401e-ab55-72f2670a4b45,9372
7e748c78-05b0-401e-ab55-72f2670a4b45,4371
cd1658f4-8302-49a8-9a71-d42f7168fc36,3475
cd1658f4-8302-49a8-9a71-d42f7168fc36,55
cd1658f4-8302-49a8-9a71-d42f7168fc36,416
cd1658f4-8302-49a8-9a71-d42f7168fc36,434
cd1658f4-8302-49a8-9a71-d42f7168fc36,22
cd1658f4-8302-49a8-9a71-d42f7168fc36,473
cd1658f4-8302-49a8-9a71-d42f7168fc36,4252
cd1658f4-8302-49a8-9a71-d42f7168fc36,122
a907479e-4af4-4eff-b304-6af4afbc9294,9373
a907479e-4af4-4eff-b304-6af4afbc9294,992
a907479e-4af4-4eff-b304-6af4afbc9294,9374
a907479e-4af4-4eff-b304-6af4afbc9294,2996
dfe2d0c1-43a4-4c48-a826-249843db5780,53
dfe2d0c1-43a4-4c48-a826-249843db5780,54
dfe2d0c1-43a4-4c48-a826-249843db5780,51
dfe2d0c1-43a4-4c48-a826-249843db5780,9375
b4fec4cc-f92f-422a-b236-e6dab6e72eaf,51
b4fec4cc-f92f-422a-b236-e6dab6e72eaf,5030
b4fec4cc-f92f-422a-b236-e6dab6e72eaf,8727
52a01177-cd06-419b-bd2e-ea8d358a7f44,2
52a01177-cd06-419b-bd2e-ea8d358a7f44,77
52a01177-cd06-419b-bd2e-ea8d358a7f44,541
52a01177-cd06-419b-bd2e-ea8d358a7f44,2
52a01177-cd06-419b-bd2e-ea8d358a7f44,43
52a01177-cd06-419b-bd2e-ea8d358a7f44,7555
52a01177-cd06-419b-bd2e-ea8d358a7f44,38
1dc28a98-76d2-49ed-955e-11f59c130716,9376
1dc28a98-76d2-49ed-955e-11f59c130716,17
1dc28a98-76d2-49ed-955e-11f59c130716,22
1dc28a98-76d2-49ed-955e-11f59c130716,4177
1dc28a98-76d2-49ed-955e-11f59c130716,6588
1dc28a98-76d2-49ed-955e-11f59c130716,2847
061dd7d9-61b9-4f58-a036-47cb615f81bc,1224
061dd7d9-61b9-4f58-a036-47cb615f81bc,2136
061dd7d9-61b9-4f58-a036-47cb615f81bc,545
061dd7d9-61b9-4f58-a036-47cb615f81bc,1224
061dd7d9-61b9-4f58-a036-47cb615f81bc,5277
061dd7d9-61b9-4f58-a036-47cb615f81bc,1141
314d4a39-5657-4cbf-8e60-58e8acce5419,3330
314d4a39-5657-4cbf-8e60-58e8acce5419,196
314d4a39-5657-4cbf-8e60-58e8acce5419,113
314d4a39-5657-4cbf-8e60-58e8acce5419,9377
314d4a39-5657-4cbf-8e60-58e8acce5419,149
314d4a39-5657-4cbf-8e60-58e8acce5419,1592
59335505-5854-4e08-a0d0-37101343be37,102
59335505-5854-4e08-a0d0-37101343be37,7007
59335505-5854-4e08-a0d0-37101343be37,9
59335505-5854-4e08-a0d0-37101343be37,703
1537cd78-7325-4654-b0c2-5d0969a1d5a2,17
1537cd78-7325-4654-b0c2-5d0969a1d5a2,22
1537cd78-7325-4654-b0c2-5d0969a1d5a2,159
1537cd78-7325-4654-b0c2-5d0969a1d5a2,204
1537cd78-7325-4654-b0c2-5d0969a1d5a2,30
9e98baef-2889-400b-b93c-6ca1b9303acb,412
9e98baef-2889-400b-b93c-6ca1b9303acb,512
9e98baef-2889-400b-b93c-6ca1b9303acb,22
9e98baef-2889-400b-b93c-6ca1b9303acb,293
9e98baef-2889-400b-b93c-6ca1b9303acb,410
9e98baef-2889-400b-b93c-6ca1b9303acb,409
9e98baef-2889-400b-b93c-6ca1b9303acb,410
9e98baef-2889-400b-b93c-6ca1b9303acb,1384
9e98baef-2889-400b-b93c-6ca1b9303acb,122
efa59359-9c40-4650-8102-90a1abaf9744,123
efa59359-9c40-4650-8102-90a1abaf9744,124
efa59359-9c40-4650-8102-90a1abaf9744,3972
efa59359-9c40-4650-8102-90a1abaf9744,124
efa59359-9c40-4650-8102-90a1abaf9744,9378
efa59359-9c40-4650-8102-90a1abaf9744,16
efa59359-9c40-4650-8102-90a1abaf9744,124
efa59359-9c40-4650-8102-90a1abaf9744,123
efa59359-9c40-4650-8102-90a1abaf9744,3448
efa59359-9c40-4650-8102-90a1abaf9744,2565
eab28385-3ed9-4610-a9ef-63985ee7a645,17
eab28385-3ed9-4610-a9ef-63985ee7a645,22
eab28385-3ed9-4610-a9ef-63985ee7a645,568
eab28385-3ed9-4610-a9ef-63985ee7a645,393
eab28385-3ed9-4610-a9ef-63985ee7a645,236
eab28385-3ed9-4610-a9ef-63985ee7a645,70
e50cfe20-8938-4356-9283-7512333745f6,9379
e50cfe20-8938-4356-9283-7512333745f6,102
e50cfe20-8938-4356-9283-7512333745f6,50
e50cfe20-8938-4356-9283-7512333745f6,5303
e50cfe20-8938-4356-9283-7512333745f6,2010
e50cfe20-8938-4356-9283-7512333745f6,3990
e50cfe20-8938-4356-9283-7512333745f6,204
e50cfe20-8938-4356-9283-7512333745f6,50
f5e89f2d-9afd-4ce5-af82-7fb0a58b6e07,9380
f5e89f2d-9afd-4ce5-af82-7fb0a58b6e07,2493
f5e89f2d-9afd-4ce5-af82-7fb0a58b6e07,2616
f5e89f2d-9afd-4ce5-af82-7fb0a58b6e07,9051
f5e89f2d-9afd-4ce5-af82-7fb0a58b6e07,412
f5e89f2d-9afd-4ce5-af82-7fb0a58b6e07,512
f5e89f2d-9afd-4ce5-af82-7fb0a58b6e07,22
580afbb8-9d13-4251-975c-f336e4f57a94,1237
580afbb8-9d13-4251-975c-f336e4f57a94,4337
3bb84384-51de-4ad8-969e-8e4ed58c7fd8,9381
3bb84384-51de-4ad8-969e-8e4ed58c7fd8,963
3bb84384-51de-4ad8-969e-8e4ed58c7fd8,156
3bb84384-51de-4ad8-969e-8e4ed58c7fd8,1116
3bb84384-51de-4ad8-969e-8e4ed58c7fd8,33
3bb84384-51de-4ad8-969e-8e4ed58c7fd8,357
61c7d172-89a8-4925-9dad-3fa983375a00,757
61c7d172-89a8-4925-9dad-3fa983375a00,9
61c7d172-89a8-4925-9dad-3fa983375a00,1116
61c7d172-89a8-4925-9dad-3fa983375a00,757
61c7d172-89a8-4925-9dad-3fa983375a00,1720
61c7d172-89a8-4925-9dad-3fa983375a00,591
61c7d172-89a8-4925-9dad-3fa983375a00,592
61c7d172-89a8-4925-9dad-3fa983375a00,9382
a1c0356b-18a3-408b-b847-4819a3633756,195
a1c0356b-18a3-408b-b847-4819a3633756,196
a1c0356b-18a3-408b-b847-4819a3633756,197
a1c0356b-18a3-408b-b847-4819a3633756,240
a1c0356b-18a3-408b-b847-4819a3633756,241
a1c0356b-18a3-408b-b847-4819a3633756,4084
a1c0356b-18a3-408b-b847-4819a3633756,13
a1c0356b-18a3-408b-b847-4819a3633756,3112
a1c0356b-18a3-408b-b847-4819a3633756,794
8c606f0d-64c7-4fde-9a63-e6c9efbcd13c,240
8c606f0d-64c7-4fde-9a63-e6c9efbcd13c,241
8c606f0d-64c7-4fde-9a63-e6c9efbcd13c,17
8c606f0d-64c7-4fde-9a63-e6c9efbcd13c,22
8c606f0d-64c7-4fde-9a63-e6c9efbcd13c,195
8c606f0d-64c7-4fde-9a63-e6c9efbcd13c,196
8c606f0d-64c7-4fde-9a63-e6c9efbcd13c,197
787ce79c-5324-4044-8e7d-b6bca414864b,35
787ce79c-5324-4044-8e7d-b6bca414864b,159
787ce79c-5324-4044-8e7d-b6bca414864b,35
787ce79c-5324-4044-8e7d-b6bca414864b,21
8c230088-e35e-4a7b-b380-1ce096fd0ede,9383
8c230088-e35e-4a7b-b380-1ce096fd0ede,204
8c230088-e35e-4a7b-b380-1ce096fd0ede,50
8c230088-e35e-4a7b-b380-1ce096fd0ede,52
8c230088-e35e-4a7b-b380-1ce096fd0ede,270
8c230088-e35e-4a7b-b380-1ce096fd0ede,271
8c230088-e35e-4a7b-b380-1ce096fd0ede,512
8c230088-e35e-4a7b-b380-1ce096fd0ede,22
8c230088-e35e-4a7b-b380-1ce096fd0ede,437
8c230088-e35e-4a7b-b380-1ce096fd0ede,87
8c230088-e35e-4a7b-b380-1ce096fd0ede,5004
ab057d1f-e994-44ff-9f43-8bf2e07d66b2,195
ab057d1f-e994-44ff-9f43-8bf2e07d66b2,196
ab057d1f-e994-44ff-9f43-8bf2e07d66b2,197
ab057d1f-e994-44ff-9f43-8bf2e07d66b2,240
ab057d1f-e994-44ff-9f43-8bf2e07d66b2,241
ab057d1f-e994-44ff-9f43-8bf2e07d66b2,213
ab057d1f-e994-44ff-9f43-8bf2e07d66b2,187
ab057d1f-e994-44ff-9f43-8bf2e07d66b2,213
ab057d1f-e994-44ff-9f43-8bf2e07d66b2,156
f352be40-0948-4ba3-8ee0-d41a89295965,195
f352be40-0948-4ba3-8ee0-d41a89295965,196
f352be40-0948-4ba3-8ee0-d41a89295965,197
f352be40-0948-4ba3-8ee0-d41a89295965,240
f352be40-0948-4ba3-8ee0-d41a89295965,241
2c5def6b-8c33-4364-bc74-aa8f73ecfcca,127
2c5def6b-8c33-4364-bc74-aa8f73ecfcca,301
2c5def6b-8c33-4364-bc74-aa8f73ecfcca,4357
2c5def6b-8c33-4364-bc74-aa8f73ecfcca,242
2c5def6b-8c33-4364-bc74-aa8f73ecfcca,164
2c5def6b-8c33-4364-bc74-aa8f73ecfcca,1460
55fa7fcb-d0d1-4b95-96e2-0d2909e0d468,33
55fa7fcb-d0d1-4b95-96e2-0d2909e0d468,773
55fa7fcb-d0d1-4b95-96e2-0d2909e0d468,137
55fa7fcb-d0d1-4b95-96e2-0d2909e0d468,98
55fa7fcb-d0d1-4b95-96e2-0d2909e0d468,11
55fa7fcb-d0d1-4b95-96e2-0d2909e0d468,98
55fa7fcb-d0d1-4b95-96e2-0d2909e0d468,116
e9c91f24-e3ab-41a7-bdce-ac3685bd3f46,3792
e9c91f24-e3ab-41a7-bdce-ac3685bd3f46,2853
e9c91f24-e3ab-41a7-bdce-ac3685bd3f46,558
e9c91f24-e3ab-41a7-bdce-ac3685bd3f46,77
e9c91f24-e3ab-41a7-bdce-ac3685bd3f46,8657
ea1075d9-a0d8-49d8-9ef5-e8c50b337476,2288
ea1075d9-a0d8-49d8-9ef5-e8c50b337476,130
ea1075d9-a0d8-49d8-9ef5-e8c50b337476,9384
ea1075d9-a0d8-49d8-9ef5-e8c50b337476,777
ea1075d9-a0d8-49d8-9ef5-e8c50b337476,545
ea1075d9-a0d8-49d8-9ef5-e8c50b337476,1399
ea1075d9-a0d8-49d8-9ef5-e8c50b337476,2001
ea1075d9-a0d8-49d8-9ef5-e8c50b337476,2099
ea1075d9-a0d8-49d8-9ef5-e8c50b337476,1435
ea1075d9-a0d8-49d8-9ef5-e8c50b337476,44
c09eb3aa-666d-4c67-b2cf-416cef7731b6,613
c09eb3aa-666d-4c67-b2cf-416cef7731b6,240
c09eb3aa-666d-4c67-b2cf-416cef7731b6,241
c09eb3aa-666d-4c67-b2cf-416cef7731b6,465
c09eb3aa-666d-4c67-b2cf-416cef7731b6,335
08508b88-3d4e-490b-8832-9a4fd56f189c,332
08508b88-3d4e-490b-8832-9a4fd56f189c,684
08508b88-3d4e-490b-8832-9a4fd56f189c,52
08508b88-3d4e-490b-8832-9a4fd56f189c,270
08508b88-3d4e-490b-8832-9a4fd56f189c,204
08508b88-3d4e-490b-8832-9a4fd56f189c,499
08508b88-3d4e-490b-8832-9a4fd56f189c,9385
08508b88-3d4e-490b-8832-9a4fd56f189c,499
08508b88-3d4e-490b-8832-9a4fd56f189c,786
19d06348-ad95-4065-ad4b-8e6094c74491,6347
19d06348-ad95-4065-ad4b-8e6094c74491,187
19d06348-ad95-4065-ad4b-8e6094c74491,9
19d06348-ad95-4065-ad4b-8e6094c74491,2147
19d06348-ad95-4065-ad4b-8e6094c74491,85
e17718bb-2366-45bd-9490-b513db3e77d7,196
e17718bb-2366-45bd-9490-b513db3e77d7,4115
e17718bb-2366-45bd-9490-b513db3e77d7,196
e17718bb-2366-45bd-9490-b513db3e77d7,113
e17718bb-2366-45bd-9490-b513db3e77d7,415
e17718bb-2366-45bd-9490-b513db3e77d7,565
bdc5f880-0b1d-43f8-b7de-416751a1c29a,494
bdc5f880-0b1d-43f8-b7de-416751a1c29a,321
bdc5f880-0b1d-43f8-b7de-416751a1c29a,1778
bdc5f880-0b1d-43f8-b7de-416751a1c29a,1031
bdc5f880-0b1d-43f8-b7de-416751a1c29a,4094
bdc5f880-0b1d-43f8-b7de-416751a1c29a,1299
bdc5f880-0b1d-43f8-b7de-416751a1c29a,269
